Site,Sample,Treated,Name,Time,Indel_stringent,Indel %,Reads filered (low Phred),Reads lacking nmer(s),Reads_passing,Total Indels (stringent),Total Indels
FANCFg2 ON,NP_022218_0hr_cellsonly_1_FANCFg2_ON_S148_R1_001.fastqwtf-difflib_indels.csv,A115,cells ,0,0,0,571,379,4016,0,0
FANCFg2 ON,NP_022218_0hr_cellsonly_2_FANCFg2_ON_S149_R1_001.fastqwtf-difflib_indels.csv,A115,cells ,0,0,0,138,481,1431,0,0
FANCFg2 ON,NP_022218_0hr_cellsonly_3_FANCFg2_ON_S150_R1_001.fastqwtf-difflib_indels.csv,A115,cells ,0,0,0,1076,3342,1058,0,0
FANCFg2 ON,NP_022218_0hr_dRNA_1_FANCFg2_ON_S160_R1_001.fastqwtf-difflib_indels.csv,A115,OT1d1 ,0,0.016668611,0.016668611,1330,2003,59993,10,10
FANCFg2 ON,NP_022218_0hr_dRNA_2_FANCFg2_ON_S161_R1_001.fastqwtf-difflib_indels.csv,A115,OT1d1 ,0,0.00192656,0.00192656,1087,1218,51906,1,1
FANCFg2 ON,NP_022218_0hr_dRNA_3_FANCFg2_ON_S162_R1_001.fastqwtf-difflib_indels.csv,A115,OT1d1 ,0,0.004220567,0.00633085,1317,1608,47387,2,3
FANCFg2 ON,NP_022218_0hr_FANCF_1_FANCFg2_ON_S151_R1_001.fastqwtf-difflib_indels.csv,A115,FANCFg2 ,0,0.059533259,0.059533259,1507,3619,25196,15,15
FANCFg2 ON,NP_022218_0hr_FANCF_2_FANCFg2_ON_S152_R1_001.fastqwtf-difflib_indels.csv,A115,FANCFg2 ,0,0.048435746,0.048435746,1325,2237,45421,22,22
FANCFg2 ON,NP_022218_0hr_FANCF_3_FANCFg2_ON_S153_R1_001.fastqwtf-difflib_indels.csv,A115,FANCFg2 ,0,0.043305666,0.043305666,1674,2438,55420,24,24
FANCFg2 ON,NP_022218_0hr_FANCF_dRNA_1_FANCFg2_ON_S154_R1_001.fastqwtf-difflib_indels.csv,A115,FANCFg2 + OT1d1,0,0.057731458,0.057731458,803,1580,32911,19,19
FANCFg2 ON,NP_022218_0hr_FANCF_dRNA_2_FANCFg2_ON_S394_R1_001.fastqwtf-difflib_indels.csv,A115,FANCFg2 + OT1d1,0,0.011980711,0.014975889,34972,2745,33387,4,5
FANCFg2 ON,NP_022218_0hr_FANCF_dRNA_3_FANCFg2_ON_S395_R1_001.fastqwtf-difflib_indels.csv,A115,FANCFg2 + OT1d1,0,0.039041149,0.041643893,37352,2280,38421,15,16
FANCFg2 ON,NP_022218_0hr_FANCF_NT_1_FANCFg2_ON_S157_R1_001.fastqwtf-difflib_indels.csv,A115,FANCFg2 + dNT,0,0.051342609,0.051342609,1345,1503,58431,30,30
FANCFg2 ON,NP_022218_0hr_FANCF_NT_2_FANCFg2_ON_S158_R1_001.fastqwtf-difflib_indels.csv,A115,FANCFg2 + dNT,0,0.019821248,0.02162318,1448,2017,55496,11,12
FANCFg2 ON,NP_022218_0hr_FANCF_NT_3_FANCFg2_ON_S159_R1_001.fastqwtf-difflib_indels.csv,A115,FANCFg2 + dNT,0,0.022281019,0.022281019,1343,1215,35905,8,8
FANCFg2 ON,NP_022218_0hr_cellsonly_1_FANCFg2_ON_S148_R1_001.fastqwtf-difflib_indels.csv,DMSO,cells ,0,0,0,571,379,4016,0,0
FANCFg2 ON,NP_022218_0hr_cellsonly_2_FANCFg2_ON_S149_R1_001.fastqwtf-difflib_indels.csv,DMSO,cells ,0,0,0,138,481,1431,0,0
FANCFg2 ON,NP_022218_0hr_cellsonly_3_FANCFg2_ON_S150_R1_001.fastqwtf-difflib_indels.csv,DMSO,cells ,0,0,0,1076,3342,1058,0,0
FANCFg2 ON,NP_022218_0hr_dRNA_1_FANCFg2_ON_S160_R1_001.fastqwtf-difflib_indels.csv,DMSO,OT1d1 ,0,0.016668611,0.016668611,1330,2003,59993,10,10
FANCFg2 ON,NP_022218_0hr_dRNA_2_FANCFg2_ON_S161_R1_001.fastqwtf-difflib_indels.csv,DMSO,OT1d1 ,0,0.00192656,0.00192656,1087,1218,51906,1,1
FANCFg2 ON,NP_022218_0hr_dRNA_3_FANCFg2_ON_S162_R1_001.fastqwtf-difflib_indels.csv,DMSO,OT1d1 ,0,0.004220567,0.00633085,1317,1608,47387,2,3
FANCFg2 ON,NP_022218_0hr_FANCF_1_FANCFg2_ON_S151_R1_001.fastqwtf-difflib_indels.csv,DMSO,FANCFg2 ,0,0.059533259,0.059533259,1507,3619,25196,15,15
FANCFg2 ON,NP_022218_0hr_FANCF_2_FANCFg2_ON_S152_R1_001.fastqwtf-difflib_indels.csv,DMSO,FANCFg2 ,0,0.048435746,0.048435746,1325,2237,45421,22,22
FANCFg2 ON,NP_022218_0hr_FANCF_3_FANCFg2_ON_S153_R1_001.fastqwtf-difflib_indels.csv,DMSO,FANCFg2 ,0,0.043305666,0.043305666,1674,2438,55420,24,24
FANCFg2 ON,NP_022218_0hr_FANCF_dRNA_1_FANCFg2_ON_S154_R1_001.fastqwtf-difflib_indels.csv,DMSO,FANCFg2 + OT1d1,0,0.057731458,0.057731458,803,1580,32911,19,19
FANCFg2 ON,NP_022218_0hr_FANCF_dRNA_2_FANCFg2_ON_S394_R1_001.fastqwtf-difflib_indels.csv,DMSO,FANCFg2 + OT1d1,0,0.011980711,0.014975889,34972,2745,33387,4,5
FANCFg2 ON,NP_022218_0hr_FANCF_dRNA_3_FANCFg2_ON_S395_R1_001.fastqwtf-difflib_indels.csv,DMSO,FANCFg2 + OT1d1,0,0.039041149,0.041643893,37352,2280,38421,15,16
FANCFg2 ON,NP_022218_0hr_FANCF_NT_1_FANCFg2_ON_S157_R1_001.fastqwtf-difflib_indels.csv,DMSO,FANCFg2 + dNT,0,0.051342609,0.051342609,1345,1503,58431,30,30
FANCFg2 ON,NP_022218_0hr_FANCF_NT_2_FANCFg2_ON_S158_R1_001.fastqwtf-difflib_indels.csv,DMSO,FANCFg2 + dNT,0,0.019821248,0.02162318,1448,2017,55496,11,12
FANCFg2 ON,NP_022218_0hr_FANCF_NT_3_FANCFg2_ON_S159_R1_001.fastqwtf-difflib_indels.csv,DMSO,FANCFg2 + dNT,0,0.022281019,0.022281019,1343,1215,35905,8,8
FANCFg2 ON,NP_022218_0point5hr_cellsonly_1_FANCFg2_ON_S211_R1_001.fastqwtf-difflib_indels.csv,A115,cells ,0.5,0.014072615,0.014072615,27531,3927,28424,4,4
FANCFg2 ON,NP_022218_0point5hr_cellsonly_2_FANCFg2_ON_S212_R1_001.fastqwtf-difflib_indels.csv,A115,cells ,0.5,0.00825832,0.00825832,16617,1199,12109,1,1
FANCFg2 ON,NP_022218_0point5hr_cellsonly_3_FANCFg2_ON_S213_R1_001.fastqwtf-difflib_indels.csv,A115,cells ,0.5,0.007833921,0.015667842,15930,2584,12765,1,2
FANCFg2 ON,NP_022218_0point5hr_dRNA_A115_1_FANCFg2_ON_S226_R1_001.fastqwtf-difflib_indels.csv,A115,OT1d1 ,0.5,0.01400168,0.01400168,35006,2143,35710,5,5
FANCFg2 ON,NP_022218_0point5hr_dRNA_A115_2_FANCFg2_ON_S227_R1_001.fastqwtf-difflib_indels.csv,A115,OT1d1 ,0.5,0.012354831,0.012354831,24116,1342,24282,3,3
FANCFg2 ON,NP_022218_0point5hr_dRNA_A115_3_FANCFg2_ON_S228_R1_001.fastqwtf-difflib_indels.csv,A115,OT1d1 ,0.5,0.011235534,0.016853301,50023,3374,53402,6,9
FANCFg2 ON,NP_022218_0point5hr_FANCF_A115_1_FANCFg2_ON_S217_R1_001.fastqwtf-difflib_indels.csv,A115,FANCFg2 ,0.5,0.014050124,0.015806389,54527,5330,56939,8,9
FANCFg2 ON,NP_022218_0point5hr_FANCF_A115_2_FANCFg2_ON_S218_R1_001.fastqwtf-difflib_indels.csv,A115,FANCFg2 ,0.5,0,0,10325,1129,10138,0,0
FANCFg2 ON,NP_022218_0point5hr_FANCF_A115_3_FANCFg2_ON_S219_R1_001.fastqwtf-difflib_indels.csv,A115,FANCFg2 ,0.5,0,0,24162,1694,25619,0,0
FANCFg2 ON,NP_022218_0point5hr_FANCF_dRNA_A115_1_FANCFg2_ON_S220_R1_001.fastqwtf-difflib_indels.csv,A115,FANCFg2 + OT1d1,0.5,0.014777597,0.018061508,58241,3867,60903,9,11
FANCFg2 ON,NP_022218_0point5hr_FANCF_dRNA_A115_2_FANCFg2_ON_S221_R1_001.fastqwtf-difflib_indels.csv,A115,FANCFg2 + OT1d1,0.5,0.006802027,0.006802027,35230,1788,29403,2,2
FANCFg2 ON,NP_022218_0point5hr_FANCF_dRNA_A115_3_FANCFg2_ON_S222_R1_001.fastqwtf-difflib_indels.csv,A115,FANCFg2 + OT1d1,0.5,0.02482195,0.028640712,50701,3399,52373,13,15
FANCFg2 ON,NP_022218_0point5hr_FANCF_NT_A115_1_FANCFg2_ON_S223_R1_001.fastqwtf-difflib_indels.csv,A115,FANCFg2 + dNT,0.5,0.013033845,0.015930254,64880,4870,69051,9,11
FANCFg2 ON,NP_022218_0point5hr_FANCF_NT_A115_2_FANCFg2_ON_S224_R1_001.fastqwtf-difflib_indels.csv,A115,FANCFg2 + dNT,0.5,0.014568552,0.017482263,63784,4633,68641,10,12
FANCFg2 ON,NP_022218_0point5hr_FANCF_NT_A115_3_FANCFg2_ON_S225_R1_001.fastqwtf-difflib_indels.csv,A115,FANCFg2 + dNT,0.5,0.00348821,0.00697642,52780,3564,57336,2,4
FANCFg2 ON,NP_022218_0point5hr_cellsonly_DMSO_1_FANCFg2_ON_S214_R1_001.fastqwtf-difflib_indels.csv,DMSO,cells ,0.5,0.26637327,0.272163993,18206,2069,17269,46,47
FANCFg2 ON,NP_180220_0_5hr_cellsonly_DMSO_2_FANCFg2_ON_S518_R1_001.fastqwtf-difflib_indels.csv,DMSO,cells ,0.5,0.006363398,0.006363398,44675,4954,125719,8,8
FANCFg2 ON,NP_022218_0point5hr_cellsonly_DMSO_3_FANCFg2_ON_S216_R1_001.fastqwtf-difflib_indels.csv,DMSO,cells ,0.5,0.021748586,0.043497173,7630,1708,4598,1,2
FANCFg2 ON,NP_022218_0point5hr_dRNA_DMSO_1_FANCFg2_ON_S238_R1_001.fastqwtf-difflib_indels.csv,DMSO,OT1d1 ,0.5,0.012136413,0.016181884,48869,3772,49438,6,8
FANCFg2 ON,NP_022218_0point5hr_dRNA_DMSO_2_FANCFg2_ON_S239_R1_001.fastqwtf-difflib_indels.csv,DMSO,OT1d1 ,0.5,0.015593673,0.020049009,47890,3202,44890,7,9
FANCFg2 ON,NP_022218_0point5hr_dRNA_DMSO_3_FANCFg2_ON_S240_R1_001.fastqwtf-difflib_indels.csv,DMSO,OT1d1 ,0.5,0.003111194,0.009333582,32699,2109,32142,1,3
FANCFg2 ON,NP_022218_0point5hr_FANCF_DMSO_1_FANCFg2_ON_S229_R1_001.fastqwtf-difflib_indels.csv,DMSO,FANCFg2 ,0.5,0.012803278,0.014937157,49894,2991,46863,6,7
FANCFg2 ON,NP_022218_0point5hr_FANCF_DMSO_2_FANCFg2_ON_S230_R1_001.fastqwtf-difflib_indels.csv,DMSO,FANCFg2 ,0.5,0.020732908,0.022460651,57275,4174,57879,12,13
FANCFg2 ON,NP_022218_0point5hr_FANCF_DMSO_3_FANCFg2_ON_S231_R1_001.fastqwtf-difflib_indels.csv,DMSO,FANCFg2 ,0.5,0.011376749,0.017877749,59548,4462,61529,7,11
FANCFg2 ON,NP_022218_0point5hr_FANCF_dRNA_DMSO_1_FANCFg2_ON_S232_R1_001.fastqwtf-difflib_indels.csv,DMSO,FANCFg2 + OT1d1,0.5,0.024275657,0.025703637,64779,4923,70029,17,18
FANCFg2 ON,NP_022218_0point5hr_FANCF_dRNA_DMSO_2_FANCFg2_ON_S233_R1_001.fastqwtf-difflib_indels.csv,DMSO,FANCFg2 + OT1d1,0.5,0.036026299,0.036026299,10128,645,11103,4,4
FANCFg2 ON,NP_022218_0point5hr_FANCF_dRNA_DMSO_3_FANCFg2_ON_S234_R1_001.fastqwtf-difflib_indels.csv,DMSO,FANCFg2 + OT1d1,0.5,0.021531422,0.021531422,34581,2217,37155,8,8
FANCFg2 ON,NP_022218_0point5hr_FANCF_NT_DMSO_1_FANCFg2_ON_S235_R1_001.fastqwtf-difflib_indels.csv,DMSO,FANCFg2 + dNT,0.5,0.012027905,0.012027905,14255,568,8314,1,1
FANCFg2 ON,NP_022218_0point5hr_FANCF_NT_DMSO_2_FANCFg2_ON_S236_R1_001.fastqwtf-difflib_indels.csv,DMSO,FANCFg2 + dNT,0.5,0.015991812,0.019190175,25960,1602,31266,5,6
FANCFg2 ON,NP_022218_0point5hr_FANCF_NT_DMSO_3_FANCFg2_ON_S237_R1_001.fastqwtf-difflib_indels.csv,DMSO,FANCFg2 + dNT,0.5,0.012335019,0.012335019,50849,2928,48642,6,6
FANCFg2 ON,NP_022218_1hr_cellsonly_1_FANCFg2_ON_S241_R1_001.fastqwtf-difflib_indels.csv,A115,cells ,1,0,0,19043,1080,17935,0,0
FANCFg2 ON,NP_022218_1hr_cellsonly_2_FANCFg2_ON_S242_R1_001.fastqwtf-difflib_indels.csv,A115,cells ,1,0.00565931,0.008488964,35742,2095,35340,2,3
FANCFg2 ON,NP_180220_1hr_cellsonly_3_FANCFg2_ON_S519_R1_001.fastqwtf-difflib_indels.csv,A115,cells ,1,0.01061083,0.01061083,17695,1656,56546,6,6
FANCFg2 ON,NP_022218_1hr_dRNA_A115_1_FANCFg2_ON_S256_R1_001.fastqwtf-difflib_indels.csv,A115,OT1d1 ,1,0.003670129,0.01651558,50834,4012,54494,2,9
FANCFg2 ON,NP_022218_1hr_dRNA_A115_2_FANCFg2_ON_S257_R1_001.fastqwtf-difflib_indels.csv,A115,OT1d1 ,1,0.013344009,0.015250295,51591,4018,52458,7,8
FANCFg2 ON,NP_022218_1hr_dRNA_A115_3_FANCFg2_ON_S258_R1_001.fastqwtf-difflib_indels.csv,A115,OT1d1 ,1,0.010832124,0.012998548,46691,3666,46159,5,6
FANCFg2 ON,NP_022218_1hr_FANCF_A115_1_FANCFg2_ON_S247_R1_001.fastqwtf-difflib_indels.csv,A115,FANCFg2 ,1,0.022464532,0.029376696,57311,4483,57869,13,17
FANCFg2 ON,NP_022218_1hr_FANCF_A115_2_FANCFg2_ON_S248_R1_001.fastqwtf-difflib_indels.csv,A115,FANCFg2 ,1,0.021217908,0.024754226,53862,4536,56556,12,14
FANCFg2 ON,NP_022218_1hr_FANCF_A115_3_FANCFg2_ON_S249_R1_001.fastqwtf-difflib_indels.csv,A115,FANCFg2 ,1,0.022234928,0.022234928,30008,2353,31482,7,7
FANCFg2 ON,NP_022218_1hr_FANCF_dRNA_A115_1_FANCFg2_ON_S250_R1_001.fastqwtf-difflib_indels.csv,A115,FANCFg2 + OT1d1,1,0.008809952,0.014095923,58431,4325,56754,5,8
FANCFg2 ON,NP_022218_1hr_FANCF_dRNA_A115_2_FANCFg2_ON_S251_R1_001.fastqwtf-difflib_indels.csv,A115,FANCFg2 + OT1d1,1,0.063689495,0.078675259,26558,2291,26692,17,21
FANCFg2 ON,NP_022218_1hr_FANCF_dRNA_A115_3_FANCFg2_ON_S252_R1_001.fastqwtf-difflib_indels.csv,A115,FANCFg2 + OT1d1,1,0.03599604,0.044995051,32909,2589,33337,12,15
FANCFg2 ON,NP_022218_1hr_FANCF_NT_A115_1_FANCFg2_ON_S253_R1_001.fastqwtf-difflib_indels.csv,A115,FANCFg2 + dNT,1,0.013413816,0.015649452,41329,2579,44730,6,7
FANCFg2 ON,NP_022218_1hr_FANCF_NT_A115_2_FANCFg2_ON_S254_R1_001.fastqwtf-difflib_indels.csv,A115,FANCFg2 + dNT,1,0.027958621,0.029955666,48899,3430,50074,14,15
FANCFg2 ON,NP_022218_1hr_FANCF_NT_A115_3_FANCFg2_ON_S255_R1_001.fastqwtf-difflib_indels.csv,A115,FANCFg2 + dNT,1,0.031701582,0.034343381,41779,3324,37853,12,13
FANCFg2 ON,NP_022218_1hr_cellsonly_DMSO_1_FANCFg2_ON_S244_R1_001.fastqwtf-difflib_indels.csv,DMSO,cells ,1,0.00199374,0.005981219,47411,3127,50157,1,3
FANCFg2 ON,NP_022218_1hr_cellsonly_DMSO_2_FANCFg2_ON_S245_R1_001.fastqwtf-difflib_indels.csv,DMSO,cells ,1,0.053288997,0.055420557,46805,3253,46914,25,26
FANCFg2 ON,NP_022218_1hr_cellsonly_DMSO_3_FANCFg2_ON_S246_R1_001.fastqwtf-difflib_indels.csv,DMSO,cells ,1,0.014741653,0.024569421,51363,3076,40701,6,10
FANCFg2 ON,NP_022218_1hr_dRNA_DMSO_1_FANCFg2_ON_S268_R1_001.fastqwtf-difflib_indels.csv,DMSO,OT1d1 ,1,0.006507451,0.008676601,45176,3215,46101,3,4
FANCFg2 ON,NP_022218_1hr_dRNA_DMSO_2_FANCFg2_ON_S269_R1_001.fastqwtf-difflib_indels.csv,DMSO,OT1d1 ,1,0.005630314,0.00844547,34194,2235,35522,2,3
FANCFg2 ON,NP_022218_1hr_dRNA_DMSO_3_FANCFg2_ON_S270_R1_001.fastqwtf-difflib_indels.csv,DMSO,OT1d1 ,1,0.002438192,0.004876384,40413,3254,41014,1,2
FANCFg2 ON,NP_022218_1hr_FANCF_DMSO_1_FANCFg2_ON_S259_R1_001.fastqwtf-difflib_indels.csv,DMSO,FANCFg2 ,1,0.011348677,0.011348677,40293,3117,44058,5,5
FANCFg2 ON,NP_022218_1hr_FANCF_DMSO_2_FANCFg2_ON_S260_R1_001.fastqwtf-difflib_indels.csv,DMSO,FANCFg2 ,1,0.032449703,0.037441965,37908,3396,40062,13,15
FANCFg2 ON,NP_022218_1hr_FANCF_DMSO_3_FANCFg2_ON_S261_R1_001.fastqwtf-difflib_indels.csv,DMSO,FANCFg2 ,1,0.021528525,0.024604029,32066,2522,32515,7,8
FANCFg2 ON,NP_022218_1hr_FANCF_dRNA_DMSO_1_FANCFg2_ON_S262_R1_001.fastqwtf-difflib_indels.csv,DMSO,FANCFg2 + OT1d1,1,0.033748439,0.040498127,31354,2657,29631,10,12
FANCFg2 ON,NP_022218_1hr_FANCF_dRNA_DMSO_2_FANCFg2_ON_S263_R1_001.fastqwtf-difflib_indels.csv,DMSO,FANCFg2 + OT1d1,1,0.021850494,0.03641749,39697,3936,41189,9,15
FANCFg2 ON,NP_022218_1hr_FANCF_dRNA_DMSO_3_FANCFg2_ON_S264_R1_001.fastqwtf-difflib_indels.csv,DMSO,FANCFg2 + OT1d1,1,0.012820513,0.020512821,42010,4091,39000,5,8
FANCFg2 ON,NP_022218_1hr_FANCF_NT_DMSO_1_FANCFg2_ON_S265_R1_001.fastqwtf-difflib_indels.csv,DMSO,FANCFg2 + dNT,1,0.034790676,0.034790676,49055,4353,51738,18,18
FANCFg2 ON,NP_022218_1hr_FANCF_NT_DMSO_2_FANCFg2_ON_S266_R1_001.fastqwtf-difflib_indels.csv,DMSO,FANCFg2 + dNT,1,0.020715085,0.029001119,24027,1709,24137,5,7
FANCFg2 ON,NP_022218_1hr_FANCF_NT_DMSO_3_FANCFg2_ON_S267_R1_001.fastqwtf-difflib_indels.csv,DMSO,FANCFg2 + dNT,1,0.017646911,0.017646911,36969,2610,39667,7,7
FANCFg2 ON,NP_022218_2hr_cellsonly_1_FANCFg2_ON_S166_R1_001.fastqwtf-difflib_indels.csv,A115,cells ,2,0.011976458,0.011976458,1435,1969,58448,7,7
FANCFg2 ON,NP_022218_2hr_cellsonly_2_FANCFg2_ON_S167_R1_001.fastqwtf-difflib_indels.csv,A115,cells ,2,0.019069413,0.019069413,1241,1913,36708,7,7
FANCFg2 ON,NP_022218_2hr_cellsonly_3_FANCFg2_ON_S168_R1_001.fastqwtf-difflib_indels.csv,A115,cells ,2,0.001711625,0.003423251,1287,1824,58424,1,2
FANCFg2 ON,NP_022218_2hr_dRNA_A115_1_FANCFg2_ON_S178_R1_001.fastqwtf-difflib_indels.csv,A115,OT1d1 ,2,0.011239112,0.011239112,1035,905,35590,4,4
FANCFg2 ON,NP_022218_2hr_dRNA_A115_2_FANCFg2_ON_S179_R1_001.fastqwtf-difflib_indels.csv,A115,OT1d1 ,2,0.00525302,0.007004027,1622,1680,57110,3,4
FANCFg2 ON,NP_022218_2hr_dRNA_A115_3_FANCFg2_ON_S180_R1_001.fastqwtf-difflib_indels.csv,A115,OT1d1 ,2,0.00933794,0.010671931,1406,2712,74963,7,8
FANCFg2 ON,NP_022218_2hr_FANCF_A115_1_FANCFg2_ON_S169_R1_001.fastqwtf-difflib_indels.csv,A115,FANCFg2 ,2,0.376288379,0.376288379,1397,1954,55011,207,207
FANCFg2 ON,NP_022218_2hr_FANCF_A115_2_FANCFg2_ON_S170_R1_001.fastqwtf-difflib_indels.csv,A115,FANCFg2 ,2,0.458465233,0.458465233,738,275,9161,42,42
FANCFg2 ON,NP_022218_2hr_FANCF_A115_3_FANCFg2_ON_S171_R1_001.fastqwtf-difflib_indels.csv,A115,FANCFg2 ,2,0.271991659,0.271991659,1465,1270,44119,120,120
FANCFg2 ON,NP_022218_2hr_FANCF_dRNA_A115_1_FANCFg2_ON_S172_R1_001.fastqwtf-difflib_indels.csv,A115,FANCFg2 + OT1d1,2,0.323840521,0.323840521,1611,2433,61450,199,199
FANCFg2 ON,NP_022218_2hr_FANCF_dRNA_A115_2_FANCFg2_ON_S173_R1_001.fastqwtf-difflib_indels.csv,A115,FANCFg2 + OT1d1,2,0.200841482,0.202307478,1109,2249,68213,137,138
FANCFg2 ON,NP_022218_2hr_FANCF_dRNA_A115_3_FANCFg2_ON_S174_R1_001.fastqwtf-difflib_indels.csv,A115,FANCFg2 + OT1d1,2,0.246869087,0.25227498,1625,1983,55495,137,140
FANCFg2 ON,NP_022218_2hr_FANCF_NT_A115_1_FANCFg2_ON_S175_R1_001.fastqwtf-difflib_indels.csv,A115,FANCFg2 + dNT,2,0.26589802,0.268132457,1285,1514,44754,119,120
FANCFg2 ON,NP_022218_2hr_FANCF_NT_A115_2_FANCFg2_ON_S176_R1_001.fastqwtf-difflib_indels.csv,A115,FANCFg2 + dNT,2,0.319651977,0.32343484,1504,2153,52870,169,171
FANCFg2 ON,NP_022218_2hr_FANCF_NT_A115_3_FANCFg2_ON_S177_R1_001.fastqwtf-difflib_indels.csv,A115,FANCFg2 + dNT,2,0.18119482,0.18297124,1360,2034,56293,102,103
FANCFg2 ON,NP_022218_2hr_cellsonly_DMSO_1_FANCFg2_ON_S271_R1_001.fastqwtf-difflib_indels.csv,DMSO,cells ,2,0.009089965,0.012985664,70473,5772,77008,7,10
FANCFg2 ON,NP_022218_2hr_cellsonly_DMSO_2_FANCFg2_ON_S272_R1_001.fastqwtf-difflib_indels.csv,DMSO,cells ,2,0.012973955,0.016217443,59688,4895,61662,8,10
FANCFg2 ON,NP_022218_2hr_cellsonly_DMSO_3_FANCFg2_ON_S273_R1_001.fastqwtf-difflib_indels.csv,DMSO,cells ,2,0.002168069,0.006504206,43401,3104,46124,1,3
FANCFg2 ON,NP_022218_2hr_dRNA_DMSO_1_FANCFg2_ON_S283_R1_001.fastqwtf-difflib_indels.csv,DMSO,OT1d1 ,2,0,0.00438866,24858,1599,22786,0,1
FANCFg2 ON,NP_022218_2hr_dRNA_DMSO_2_FANCFg2_ON_S284_R1_001.fastqwtf-difflib_indels.csv,DMSO,OT1d1 ,2,0.035081203,0.039208403,41683,3678,48459,17,19
FANCFg2 ON,NP_022218_2hr_dRNA_DMSO_3_FANCFg2_ON_S285_R1_001.fastqwtf-difflib_indels.csv,DMSO,OT1d1 ,2,0.030625995,0.033688595,34275,2279,32652,10,11
FANCFg2 ON,NP_022218_2hr_FANCF_DMSO_1_FANCFg2_ON_S274_R1_001.fastqwtf-difflib_indels.csv,DMSO,FANCFg2 ,2,0.051181297,0.057785336,61532,4922,60569,31,35
FANCFg2 ON,NP_022218_2hr_FANCF_DMSO_2_FANCFg2_ON_S275_R1_001.fastqwtf-difflib_indels.csv,DMSO,FANCFg2 ,2,0.038925652,0.043791359,20477,1306,20552,8,9
FANCFg2 ON,NP_022218_2hr_FANCF_DMSO_3_FANCFg2_ON_S276_R1_001.fastqwtf-difflib_indels.csv,DMSO,FANCFg2 ,2,0.092475571,0.092475571,32675,2168,32441,30,30
FANCFg2 ON,NP_022218_2hr_FANCF_dRNA_DMSO_1_FANCFg2_ON_S277_R1_001.fastqwtf-difflib_indels.csv,DMSO,FANCFg2 + OT1d1,2,0.044404973,0.049338859,44499,3101,40536,18,20
FANCFg2 ON,NP_022218_2hr_FANCF_dRNA_DMSO_2_FANCFg2_ON_S278_R1_001.fastqwtf-difflib_indels.csv,DMSO,FANCFg2 + OT1d1,2,0.029990789,0.040701784,47924,3821,46681,14,19
FANCFg2 ON,NP_022218_2hr_FANCF_dRNA_DMSO_3_FANCFg2_ON_S279_R1_001.fastqwtf-difflib_indels.csv,DMSO,FANCFg2 + OT1d1,2,0.057648309,0.066655858,54986,4564,55509,32,37
FANCFg2 ON,NP_022218_2hr_FANCF_NT_DMSO_1_FANCFg2_ON_S280_R1_001.fastqwtf-difflib_indels.csv,DMSO,FANCFg2 + dNT,2,0.023023999,0.025732705,68856,5132,73836,17,19
FANCFg2 ON,NP_022218_2hr_FANCF_NT_DMSO_2_FANCFg2_ON_S281_R1_001.fastqwtf-difflib_indels.csv,DMSO,FANCFg2 + dNT,2,0.040971013,0.040971013,50958,3366,48815,20,20
FANCFg2 ON,NP_022218_2hr_FANCF_NT_DMSO_3_FANCFg2_ON_S282_R1_001.fastqwtf-difflib_indels.csv,DMSO,FANCFg2 + dNT,2,0.03869256,0.03869256,50766,3628,54274,21,21
FANCFg2 ON,NP_022218_4hr_cellsonly_1_FANCFg2_ON_S181_R1_001.fastqwtf-difflib_indels.csv,A115,cells ,4,0.022356815,0.024389252,1228,1716,49202,11,12
FANCFg2 ON,NP_022218_4hr_cellsonly_2_FANCFg2_ON_S182_R1_001.fastqwtf-difflib_indels.csv,A115,cells ,4,0.013045936,0.014495485,1492,1933,68987,9,10
FANCFg2 ON,NP_022218_4hr_cellsonly_3_FANCFg2_ON_S183_R1_001.fastqwtf-difflib_indels.csv,A115,cells ,4,0.013586429,0.013586429,1205,1883,51522,7,7
FANCFg2 ON,NP_022218_4hr_dRNA_A115_1_FANCFg2_ON_S193_R1_001.fastqwtf-difflib_indels.csv,A115,OT1d1 ,4,0.013970383,0.013970383,1523,2083,64422,9,9
FANCFg2 ON,NP_022218_4hr_dRNA_A115_2_FANCFg2_ON_S194_R1_001.fastqwtf-difflib_indels.csv,A115,OT1d1 ,4,0.012200925,0.013421017,1867,2663,81961,10,11
FANCFg2 ON,NP_022218_4hr_dRNA_A115_3_FANCFg2_ON_S195_R1_001.fastqwtf-difflib_indels.csv,A115,OT1d1 ,4,0.011659088,0.011659088,1295,1347,60039,7,7
FANCFg2 ON,NP_022218_4hr_FANCF_A115_1_FANCFg2_ON_S184_R1_001.fastqwtf-difflib_indels.csv,A115,FANCFg2 ,4,0.940573815,0.940573815,1364,1710,46461,437,437
FANCFg2 ON,NP_022218_4hr_FANCF_A115_2_FANCFg2_ON_S185_R1_001.fastqwtf-difflib_indels.csv,A115,FANCFg2 ,4,1.11575179,1.11575179,974,645,16760,187,187
FANCFg2 ON,NP_022218_4hr_FANCF_A115_3_FANCFg2_ON_S186_R1_001.fastqwtf-difflib_indels.csv,A115,FANCFg2 ,4,0.921637094,0.921637094,983,1064,42099,388,388
FANCFg2 ON,NP_022218_4hr_FANCF_dRNA_A115_1_FANCFg2_ON_S187_R1_001.fastqwtf-difflib_indels.csv,A115,FANCFg2 + OT1d1,4,0.945122608,0.945122608,1329,1290,46449,439,439
FANCFg2 ON,NP_022218_4hr_FANCF_dRNA_A115_2_FANCFg2_ON_S188_R1_001.fastqwtf-difflib_indels.csv,A115,FANCFg2 + OT1d1,4,0.939541779,0.942989639,1437,2256,58007,545,547
FANCFg2 ON,NP_022218_4hr_FANCF_dRNA_A115_3_FANCFg2_ON_S189_R1_001.fastqwtf-difflib_indels.csv,A115,FANCFg2 + OT1d1,4,0.680321239,0.681765657,1438,2561,69232,471,472
FANCFg2 ON,NP_022218_4hr_FANCF_NT_A115_1_FANCFg2_ON_S190_R1_001.fastqwtf-difflib_indels.csv,A115,FANCFg2 + dNT,4,0.97609811,0.97609811,1884,1467,39955,390,390
FANCFg2 ON,NP_022218_4hr_FANCF_NT_A115_2_FANCFg2_ON_S191_R1_001.fastqwtf-difflib_indels.csv,A115,FANCFg2 + dNT,4,0.884221225,0.885915135,1713,2146,59035,522,523
FANCFg2 ON,NP_022218_4hr_FANCF_NT_A115_3_FANCFg2_ON_S192_R1_001.fastqwtf-difflib_indels.csv,A115,FANCFg2 + dNT,4,0.919732441,0.923367748,1327,1093,27508,253,254
FANCFg2 ON,NP_022218_4hr_cellsonly_DMSO_1_FANCFg2_ON_S286_R1_001.fastqwtf-difflib_indels.csv,DMSO,cells ,4,0.004101134,0.010252835,48854,3668,48767,2,5
FANCFg2 ON,NP_022218_4hr_cellsonly_DMSO_2_FANCFg2_ON_S287_R1_001.fastqwtf-difflib_indels.csv,DMSO,cells ,4,0,0,18563,380,3350,0,0
FANCFg2 ON,NP_022218_4hr_cellsonly_DMSO_3_FANCFg2_ON_S288_R1_001.fastqwtf-difflib_indels.csv,DMSO,cells ,4,0.004435377,0.008870753,44546,3611,45092,2,4
FANCFg2 ON,NP_022218_4hr_dRNA_DMSO_1_FANCFg2_ON_S298_R1_001.fastqwtf-difflib_indels.csv,DMSO,OT1d1 ,4,0,0.002132605,50077,3403,46891,0,1
FANCFg2 ON,NP_022218_4hr_dRNA_DMSO_2_FANCFg2_ON_S299_R1_001.fastqwtf-difflib_indels.csv,DMSO,OT1d1 ,4,0.002819125,0.002819125,34128,2407,35472,1,1
FANCFg2 ON,NP_022218_4hr_dRNA_DMSO_3_FANCFg2_ON_S300_R1_001.fastqwtf-difflib_indels.csv,DMSO,OT1d1 ,4,0.023795103,0.030284676,44962,3070,46228,11,14
FANCFg2 ON,NP_022218_4hr_FANCF_DMSO_1_FANCFg2_ON_S289_R1_001.fastqwtf-difflib_indels.csv,DMSO,FANCFg2 ,4,0.052784376,0.056554688,27019,1952,26523,14,15
FANCFg2 ON,NP_022218_4hr_FANCF_DMSO_2_FANCFg2_ON_S290_R1_001.fastqwtf-difflib_indels.csv,DMSO,FANCFg2 ,4,0.088733332,0.091198146,42159,2980,40571,36,37
FANCFg2 ON,NP_022218_4hr_FANCF_DMSO_3_FANCFg2_ON_S291_R1_001.fastqwtf-difflib_indels.csv,DMSO,FANCFg2 ,4,0.042822384,0.044768856,43730,3193,51375,22,23
FANCFg2 ON,NP_022218_4hr_FANCF_dRNA_DMSO_1_FANCFg2_ON_S292_R1_001.fastqwtf-difflib_indels.csv,DMSO,FANCFg2 + OT1d1,4,0.114756312,0.114756312,27698,1923,29628,34,34
FANCFg2 ON,NP_022218_4hr_FANCF_dRNA_DMSO_2_FANCFg2_ON_S293_R1_001.fastqwtf-difflib_indels.csv,DMSO,FANCFg2 + OT1d1,4,0.058331713,0.058331713,35500,2366,36001,21,21
FANCFg2 ON,NP_022218_4hr_FANCF_dRNA_DMSO_3_FANCFg2_ON_S294_R1_001.fastqwtf-difflib_indels.csv,DMSO,FANCFg2 + OT1d1,4,0.027522706,0.027522706,49205,2930,39967,11,11
FANCFg2 ON,NP_022218_4hr_FANCF_NT_DMSO_1_FANCFg2_ON_S295_R1_001.fastqwtf-difflib_indels.csv,DMSO,FANCFg2 + dNT,4,0.041253445,0.042903582,59992,4475,60601,25,26
FANCFg2 ON,NP_022218_4hr_FANCF_NT_DMSO_2_FANCFg2_ON_S296_R1_001.fastqwtf-difflib_indels.csv,DMSO,FANCFg2 + dNT,4,0.083370644,0.083370644,62473,4909,64771,54,54
FANCFg2 ON,NP_022218_4hr_FANCF_NT_DMSO_3_FANCFg2_ON_S297_R1_001.fastqwtf-difflib_indels.csv,DMSO,FANCFg2 + dNT,4,0.092117711,0.099586715,38069,2728,40166,37,40
FANCFg2 ON,NP_022218_8hr_cellsonly_1_FANCFg2_ON_S196_R1_001.fastqwtf-difflib_indels.csv,A115,cells ,8,0.018212384,0.02101429,1460,2761,71380,13,15
FANCFg2 ON,NP_022218_8hr_cellsonly_2_FANCFg2_ON_S197_R1_001.fastqwtf-difflib_indels.csv,A115,cells ,8,0.009022014,0.009022014,1440,2986,66504,6,6
FANCFg2 ON,NP_022218_8hr_cellsonly_3_FANCFg2_ON_S198_R1_001.fastqwtf-difflib_indels.csv,A115,cells ,8,0.012558081,0.013953423,1487,3029,71667,9,10
FANCFg2 ON,NP_022218_8hr_dRNA_A115_1_FANCFg2_ON_S208_R1_001.fastqwtf-difflib_indels.csv,A115,OT1d1 ,8,0.01103834,0.01103834,1820,2791,81534,9,9
FANCFg2 ON,NP_022218_8hr_dRNA_A115_2_FANCFg2_ON_S209_R1_001.fastqwtf-difflib_indels.csv,A115,OT1d1 ,8,0.010025924,0.010025924,1568,2824,69819,7,7
FANCFg2 ON,NP_022218_8hr_dRNA_A115_3_FANCFg2_ON_S210_R1_001.fastqwtf-difflib_indels.csv,A115,OT1d1 ,8,0.016794827,0.016794827,1864,3464,83359,14,14
FANCFg2 ON,NP_022218_8hr_FANCF_A115_1_FANCFg2_ON_S199_R1_001.fastqwtf-difflib_indels.csv,A115,FANCFg2 ,8,2.428875441,2.431253195,1825,3220,84113,2043,2045
FANCFg2 ON,NP_022218_8hr_FANCF_A115_2_FANCFg2_ON_S200_R1_001.fastqwtf-difflib_indels.csv,A115,FANCFg2 ,8,2.547336712,2.547336712,1995,3227,83656,2131,2131
FANCFg2 ON,NP_022218_8hr_FANCF_A115_3_FANCFg2_ON_S201_R1_001.fastqwtf-difflib_indels.csv,A115,FANCFg2 ,8,2.276606325,2.280638095,1666,2977,74409,1694,1697
FANCFg2 ON,NP_022218_8hr_FANCF_dRNA_A115_1_FANCFg2_ON_S202_R1_001.fastqwtf-difflib_indels.csv,A115,FANCFg2 + OT1d1,8,2.448236947,2.449388517,1936,3279,86838,2126,2127
FANCFg2 ON,NP_022218_8hr_FANCF_dRNA_A115_2_FANCFg2_ON_S203_R1_001.fastqwtf-difflib_indels.csv,A115,FANCFg2 + OT1d1,8,2.543214156,2.543214156,1363,1535,63463,1614,1614
FANCFg2 ON,NP_022218_8hr_FANCF_dRNA_A115_3_FANCFg2_ON_S204_R1_001.fastqwtf-difflib_indels.csv,A115,FANCFg2 + OT1d1,8,2.419793695,2.424630864,1899,3782,82693,2001,2005
FANCFg2 ON,NP_022218_8hr_FANCF_NT_A115_1_FANCFg2_ON_S205_R1_001.fastqwtf-difflib_indels.csv,A115,FANCFg2 + dNT,8,2.11844368,2.11844368,2119,2851,93040,1971,1971
FANCFg2 ON,NP_022218_8hr_FANCF_NT_A115_2_FANCFg2_ON_S206_R1_001.fastqwtf-difflib_indels.csv,A115,FANCFg2 + dNT,8,2.430334036,2.431537767,1772,2616,83075,2019,2020
FANCFg2 ON,NP_022218_8hr_FANCF_NT_A115_3_FANCFg2_ON_S207_R1_001.fastqwtf-difflib_indels.csv,A115,FANCFg2 + dNT,8,2.263795741,2.26497235,1839,2620,84990,1924,1925
FANCFg2 ON,NP_022218_8hr_cellsonly_DMSO_1_FANCFg2_ON_S301_R1_001.fastqwtf-difflib_indels.csv,DMSO,cells ,8,0.01442299,0.01442299,52073,3833,55467,8,8
FANCFg2 ON,NP_022218_8hr_cellsonly_DMSO_2_FANCFg2_ON_S302_R1_001.fastqwtf-difflib_indels.csv,DMSO,cells ,8,0.013193855,0.015078692,52433,4279,53055,7,8
FANCFg2 ON,NP_022218_8hr_cellsonly_DMSO_3_FANCFg2_ON_S303_R1_001.fastqwtf-difflib_indels.csv,DMSO,cells ,8,0.008021047,0.014437885,67106,4897,62336,5,9
FANCFg2 ON,NP_022218_8hr_dRNA_DMSO_1_FANCFg2_ON_S313_R1_001.fastqwtf-difflib_indels.csv,DMSO,OT1d1 ,8,0.147129635,0.155154887,36427,3365,37382,55,58
FANCFg2 ON,NP_022218_8hr_dRNA_DMSO_2_FANCFg2_ON_S314_R1_001.fastqwtf-difflib_indels.csv,DMSO,OT1d1 ,8,0.040571478,0.046367404,33238,2450,34507,14,16
FANCFg2 ON,NP_022218_8hr_dRNA_DMSO_3_FANCFg2_ON_S315_R1_001.fastqwtf-difflib_indels.csv,DMSO,OT1d1 ,8,0,0,16597,899,16575,0,0
FANCFg2 ON,NP_022218_8hr_FANCF_DMSO_1_FANCFg2_ON_S304_R1_001.fastqwtf-difflib_indels.csv,DMSO,FANCFg2 ,8,0.191209887,0.191209887,68645,5877,72172,138,138
FANCFg2 ON,NP_022218_8hr_FANCF_DMSO_2_FANCFg2_ON_S305_R1_001.fastqwtf-difflib_indels.csv,DMSO,FANCFg2 ,8,0.16650157,0.174932029,41177,3216,47447,79,83
FANCFg2 ON,NP_022218_8hr_FANCF_DMSO_3_FANCFg2_ON_S306_R1_001.fastqwtf-difflib_indels.csv,DMSO,FANCFg2 ,8,0.017993163,0.017993163,16618,1336,16673,3,3
FANCFg2 ON,NP_180220_8hr_dRNA_DMSO_1_FANCFg2_ON_S520_R1_001.fastqwtf-difflib_indels.csv,DMSO,FANCFg2 + OT1d1,8,0.037952798,0.040764116,23664,3375,71141,27,29
FANCFg2 ON,NP_180220_8hr_dRNA_DMSO_2_FANCFg2_ON_S521_R1_001.fastqwtf-difflib_indels.csv,DMSO,FANCFg2 + OT1d1,8,0.008032516,0.009639019,22329,2973,62247,5,6
FANCFg2 ON,NP_180220_8hr_dRNA_DMSO_3_FANCFg2_ON_S522_R1_001.fastqwtf-difflib_indels.csv,DMSO,FANCFg2 + OT1d1,8,0.021164861,0.022487665,33073,3100,75597,16,17
FANCFg2 ON,NP_180220_8hr_dRNA_DMSO_1_FANCFg2_OT1_S744_R1_001.fastqwtf-difflib_indels.csv,DMSO,FANCFg2 + dNT,8,0.006844696,0.008052583,19968,18746,496735,34,40
FANCFg2 ON,NP_022218_8hr_FANCF_NT_DMSO_2_FANCFg2_ON_S311_R1_001.fastqwtf-difflib_indels.csv,DMSO,FANCFg2 + dNT,8,0.051374261,0.051374261,5181,502,3893,2,2
FANCFg2 ON,NP_022218_8hr_FANCF_NT_DMSO_3_FANCFg2_ON_S312_R1_001.fastqwtf-difflib_indels.csv,DMSO,FANCFg2 + dNT,8,0,0,3051,1037,1155,0,0
FANCFg2 ON,NP_022218_16hr_cellsonly_1_FANCFg2_ON_S211_R1_001.fastqwtf-difflib_indels.csv,A115,cells ,16,0.004822705,0.004822705,1959,2741,82941,4,4
FANCFg2 ON,NP_022218_16hr_cellsonly_2_FANCFg2_ON_S212_R1_001.fastqwtf-difflib_indels.csv,A115,cells ,16,0.094948265,0.094948265,1911,3454,82150,78,78
FANCFg2 ON,NP_022218_16hr_cellsonly_3_FANCFg2_ON_S213_R1_001.fastqwtf-difflib_indels.csv,A115,cells ,16,0.303356817,0.303356817,1290,2025,60325,183,183
FANCFg2 ON,NP_022218_16hr_dRNA_A115_1_FANCFg2_ON_S223_R1_001.fastqwtf-difflib_indels.csv,A115,OT1d1 ,16,0.006776721,0.008132065,1516,3337,73782,5,6
FANCFg2 ON,NP_022218_16hr_dRNA_A115_2_FANCFg2_ON_S224_R1_001.fastqwtf-difflib_indels.csv,A115,OT1d1 ,16,0.033549006,0.033549006,1752,5144,62595,21,21
FANCFg2 ON,NP_022218_16hr_dRNA_A115_3_FANCFg2_ON_S225_R1_001.fastqwtf-difflib_indels.csv,A115,OT1d1 ,16,0.014331575,0.014331575,1543,2476,69776,10,10
FANCFg2 ON,NP_022218_16hr_FANCF_A115_1_FANCFg2_ON_S214_R1_001.fastqwtf-difflib_indels.csv,A115,FANCFg2 ,16,8.956322072,8.956322072,1926,3307,78827,7060,7060
FANCFg2 ON,NP_022218_16hr_FANCF_A115_2_FANCFg2_ON_S215_R1_001.fastqwtf-difflib_indels.csv,A115,FANCFg2 ,16,7.388954352,7.391515959,1784,2983,78076,5769,5771
FANCFg2 ON,NP_022218_16hr_FANCF_A115_3_FANCFg2_ON_S216_R1_001.fastqwtf-difflib_indels.csv,A115,FANCFg2 ,16,8.469609124,8.478489781,1783,2965,78823,6676,6683
FANCFg2 ON,NP_022218_16hr_FANCF_dRNA_A115_1_FANCFg2_ON_S217_R1_001.fastqwtf-difflib_indels.csv,A115,FANCFg2 + OT1d1,16,7.677050519,7.682884144,1947,2816,85710,6580,6585
FANCFg2 ON,NP_022218_16hr_FANCF_dRNA_A115_2_FANCFg2_ON_S218_R1_001.fastqwtf-difflib_indels.csv,A115,FANCFg2 + OT1d1,16,8.406635338,8.414668434,2249,2551,99588,8372,8380
FANCFg2 ON,NP_022218_16hr_FANCF_dRNA_A115_3_FANCFg2_ON_S219_R1_001.fastqwtf-difflib_indels.csv,A115,FANCFg2 + OT1d1,16,8.201848784,8.201848784,1459,1956,64583,5297,5297
FANCFg2 ON,NP_022218_16hr_FANCF_NT_A115_1_FANCFg2_ON_S220_R1_001.fastqwtf-difflib_indels.csv,A115,FANCFg2 + dNT,16,6.481362261,6.481362261,1654,4394,62132,4027,4027
FANCFg2 ON,NP_022218_16hr_FANCF_NT_A115_2_FANCFg2_ON_S221_R1_001.fastqwtf-difflib_indels.csv,A115,FANCFg2 + dNT,16,6.634738095,6.634738095,1602,2690,69739,4627,4627
FANCFg2 ON,NP_022218_16hr_FANCF_NT_A115_3_FANCFg2_ON_S222_R1_001.fastqwtf-difflib_indels.csv,A115,FANCFg2 + dNT,16,7.008501238,7.017872682,1783,3042,74695,5235,5242
FANCFg2 ON,NP_022218_16hr_cellsonly_DMSO_1_FANCFg2_ON_S316_R1_001.fastqwtf-difflib_indels.csv,DMSO,cells ,16,0,0,1553,224,1279,0,0
FANCFg2 ON,NP_180220_16hr_cellsonly_DMSO_2_FANCFg2_ON_S523_R1_001.fastqwtf-difflib_indels.csv,DMSO,cells ,16,0.013484488,0.014447666,35468,4147,103823,14,15
FANCFg2 ON,NP_180220_16hr_cellsonly_DMSO_3_FANCFg2_ON_S524_R1_001.fastqwtf-difflib_indels.csv,DMSO,cells ,16,0.051094176,0.052181286,31055,4519,91987,47,48
FANCFg2 ON,NP_180220_16hr_dRNA_DMSO_1_FANCFg2_ON_S531_R1_001.fastqwtf-difflib_indels.csv,DMSO,OT1d1 ,16,0.0530129,0.0530129,24651,2742,67908,36,36
FANCFg2 ON,NP_180220_16hr_dRNA_DMSO_2_FANCFg2_ON_S532_R1_001.fastqwtf-difflib_indels.csv,DMSO,OT1d1 ,16,0.046595427,0.048148608,21567,2956,64384,30,31
FANCFg2 ON,NP_180220_16hr_dRNA_DMSO_3_FANCFg2_ON_S533_R1_001.fastqwtf-difflib_indels.csv,DMSO,OT1d1 ,16,0.029854771,0.031780885,33403,4613,103836,31,33
FANCFg2 ON,NP_022218_16hr_FANCF_DMSO_1_FANCFg2_ON_S319_R1_001.fastqwtf-difflib_indels.csv,DMSO,FANCFg2 ,16,0.556231531,0.556231531,6086,622,5753,32,32
FANCFg2 ON,NP_180220_16hr_FANCF_DMSO_2_FANCFg2_ON_S525_R1_001.fastqwtf-difflib_indels.csv,DMSO,FANCFg2 ,16,0.578826723,0.580107313,27077,3929,78089,452,453
FANCFg2 ON,NP_180220_16hr_FANCF_DMSO_3_FANCFg2_ON_S526_R1_001.fastqwtf-difflib_indels.csv,DMSO,FANCFg2 ,16,0.476722733,0.476722733,26959,3943,74257,354,354
FANCFg2 ON,NP_022218_16hr_FANCF_dRNA_DMSO_1_FANCFg2_ON_S322_R1_001.fastqwtf-difflib_indels.csv,DMSO,FANCFg2 + OT1d1,16,0.210696921,0.210696921,26119,2186,24680,52,52
FANCFg2 ON,NP_180220_16hr_FANCF_dRNA_DMSO_2_FANCFg2_ON_S527_R1_001.fastqwtf-difflib_indels.csv,DMSO,FANCFg2 + OT1d1,16,0.390759047,0.390759047,30959,3330,90337,353,353
FANCFg2 ON,NP_180220_16hr_FANCF_dRNA_DMSO_3_FANCFg2_ON_S528_R1_001.fastqwtf-difflib_indels.csv,DMSO,FANCFg2 + OT1d1,16,0.441403198,0.443515175,33746,4434,94698,418,420
FANCFg2 ON,NP_022218_16hr_FANCF_NT_DMSO_1_FANCFg2_ON_S325_R1_001.fastqwtf-difflib_indels.csv,DMSO,FANCFg2 + dNT,16,0.432140446,0.432140446,8231,708,7405,32,32
FANCFg2 ON,NP_180220_16hr_FANCF_NT_DMSO_2_FANCFg2_ON_S529_R1_001.fastqwtf-difflib_indels.csv,DMSO,FANCFg2 + dNT,16,0.440171715,0.441380978,27891,3545,82695,364,365
FANCFg2 ON,NP_180220_16hr_FANCF_NT_DMSO_3_FANCFg2_ON_S530_R1_001.fastqwtf-difflib_indels.csv,DMSO,FANCFg2 + dNT,16,0.375287662,0.375287662,28929,3379,84735,318,318
FANCFg2 ON,NP_022218_24hr_cellsonly_1_FANCFg2_ON_S226_R1_001.fastqwtf-difflib_indels.csv,A115,cells ,24,0.008820209,0.008820209,1198,1295,56688,5,5
FANCFg2 ON,NP_022218_24hr_cellsonly_2_FANCFg2_ON_S227_R1_001.fastqwtf-difflib_indels.csv,A115,cells ,24,0.005771606,0.005771606,1840,2636,86631,5,5
FANCFg2 ON,NP_022218_24hr_cellsonly_3_FANCFg2_ON_S228_R1_001.fastqwtf-difflib_indels.csv,A115,cells ,24,0.011208249,0.011208249,1886,3124,80298,9,9
FANCFg2 ON,NP_022218_24hr_dRNA_A115_1_FANCFg2_ON_S241_R1_001.fastqwtf-difflib_indels.csv,A115,OT1d1 ,24,0.0094941,0.0094941,1637,2673,73730,7,7
FANCFg2 ON,NP_022218_24hr_dRNA_A115_2_FANCFg2_ON_S242_R1_001.fastqwtf-difflib_indels.csv,A115,OT1d1 ,24,0.007134398,0.007134398,1974,5470,70083,5,5
FANCFg2 ON,NP_022218_24hr_dRNA_A115_3_FANCFg2_ON_S243_R1_001.fastqwtf-difflib_indels.csv,A115,OT1d1 ,24,0.001598057,0.001598057,1436,2248,62576,1,1
FANCFg2 ON,NP_022218_24hr_FANCF_A115_1_FANCFg2_ON_S232_R1_001.fastqwtf-difflib_indels.csv,A115,FANCFg2 ,24,7.837694951,7.839347079,1703,4062,60528,4744,4745
FANCFg2 ON,NP_022218_24hr_FANCF_A115_2_FANCFg2_ON_S233_R1_001.fastqwtf-difflib_indels.csv,A115,FANCFg2 ,24,7.354228907,7.356804368,1846,3100,77656,5711,5713
FANCFg2 ON,NP_022218_24hr_FANCF_A115_3_FANCFg2_ON_S234_R1_001.fastqwtf-difflib_indels.csv,A115,FANCFg2 ,24,7.161279587,7.161279587,1189,1899,48078,3443,3443
FANCFg2 ON,NP_022218_24hr_FANCF_dRNA_A115_1_FANCFg2_ON_S235_R1_001.fastqwtf-difflib_indels.csv,A115,FANCFg2 + OT1d1,24,8.449588464,8.461672731,1795,2197,74477,6293,6302
FANCFg2 ON,NP_022218_24hr_FANCF_dRNA_A115_2_FANCFg2_ON_S236_R1_001.fastqwtf-difflib_indels.csv,A115,FANCFg2 + OT1d1,24,7.272496025,7.283942766,1860,3729,78625,5718,5727
FANCFg2 ON,NP_022218_24hr_FANCF_dRNA_A115_3_FANCFg2_ON_S237_R1_001.fastqwtf-difflib_indels.csv,A115,FANCFg2 + OT1d1,24,6.804366124,6.81104624,2371,6610,74849,5093,5098
FANCFg2 ON,NP_022218_24hr_FANCF_NT_A115_1_FANCFg2_ON_S238_R1_001.fastqwtf-difflib_indels.csv,A115,FANCFg2 + dNT,24,6.891723709,6.902095001,2308,3527,77136,5316,5324
FANCFg2 ON,NP_022218_24hr_FANCF_NT_A115_2_FANCFg2_ON_S239_R1_001.fastqwtf-difflib_indels.csv,A115,FANCFg2 + dNT,24,6.99410609,6.99410609,2080,8199,58535,4094,4094
FANCFg2 ON,NP_022218_24hr_FANCF_NT_A115_3_FANCFg2_ON_S240_R1_001.fastqwtf-difflib_indels.csv,A115,FANCFg2 + dNT,24,6.332463523,6.332463523,2390,10204,54418,3446,3446
FANCFg2 ON,NP_022218_24hr_cellsonly_DMSO_1_FANCFg2_ON_S229_R1_001.fastqwtf-difflib_indels.csv,DMSO,cells ,24,0.009027389,0.009027389,1350,3116,55387,5,5
FANCFg2 ON,NP_022218_24hr_cellsonly_DMSO_2_FANCFg2_ON_S230_R1_001.fastqwtf-difflib_indels.csv,DMSO,cells ,24,0.008967001,0.010248002,1805,3289,78064,7,8
FANCFg2 ON,NP_022218_24hr_cellsonly_DMSO_3_FANCFg2_ON_S231_R1_001.fastqwtf-difflib_indels.csv,DMSO,cells ,24,0.265957447,0.265957447,1314,2579,51136,136,136
FANCFg2 ON,NP_022218_24hr_dRNA_DMSO_1_FANCFg2_ON_S253_R1_001.fastqwtf-difflib_indels.csv,DMSO,OT1d1 ,24,0.004018485,0.004018485,1563,2412,74655,3,3
FANCFg2 ON,NP_022218_24hr_dRNA_DMSO_2_FANCFg2_ON_S254_R1_001.fastqwtf-difflib_indels.csv,DMSO,OT1d1 ,24,0.004136847,0.004136847,1160,1442,48346,2,2
FANCFg2 ON,NP_022218_24hr_dRNA_DMSO_3_FANCFg2_ON_S255_R1_001.fastqwtf-difflib_indels.csv,DMSO,OT1d1 ,24,0.011790889,0.01326475,1423,1756,67849,8,9
FANCFg2 ON,NP_022218_24hr_FANCF_DMSO_1_FANCFg2_ON_S244_R1_001.fastqwtf-difflib_indels.csv,DMSO,FANCFg2 ,24,0.831870704,0.833698991,1078,1400,54696,455,456
FANCFg2 ON,NP_022218_24hr_FANCF_DMSO_2_FANCFg2_ON_S245_R1_001.fastqwtf-difflib_indels.csv,DMSO,FANCFg2 ,24,0.650466599,0.652314515,1361,1421,54115,352,353
FANCFg2 ON,NP_022218_24hr_FANCF_DMSO_3_FANCFg2_ON_S246_R1_001.fastqwtf-difflib_indels.csv,DMSO,FANCFg2 ,24,0.570529484,0.573265837,1543,1955,73090,417,419
FANCFg2 ON,NP_022218_24hr_FANCF_dRNA_DMSO_1_FANCFg2_ON_S247_R1_001.fastqwtf-difflib_indels.csv,DMSO,FANCFg2 + OT1d1,24,0.377185964,0.377185964,1271,1621,61243,231,231
FANCFg2 ON,NP_022218_24hr_FANCF_dRNA_DMSO_2_FANCFg2_ON_S248_R1_001.fastqwtf-difflib_indels.csv,DMSO,FANCFg2 + OT1d1,24,0.372191011,0.372191011,712,1285,28480,106,106
FANCFg2 ON,NP_022218_24hr_FANCF_dRNA_DMSO_3_FANCFg2_ON_S249_R1_001.fastqwtf-difflib_indels.csv,DMSO,FANCFg2 + OT1d1,24,0.346098024,0.346098024,1591,2393,80613,279,279
FANCFg2 ON,NP_022218_24hr_FANCF_NT_DMSO_1_FANCFg2_ON_S250_R1_001.fastqwtf-difflib_indels.csv,DMSO,FANCFg2 + dNT,24,0.409125042,0.409125042,1590,1960,77238,316,316
FANCFg2 ON,NP_022218_24hr_FANCF_NT_DMSO_2_FANCFg2_ON_S396_R1_001.fastqwtf-difflib_indels.csv,DMSO,FANCFg2 + dNT,24,0.338158596,0.343361036,74937,5611,76887,260,264
FANCFg2 ON,NP_022218_24hr_FANCF_NT_DMSO_3_FANCFg2_ON_S252_R1_001.fastqwtf-difflib_indels.csv,DMSO,FANCFg2 + dNT,24,0.33693813,0.33693813,1429,1652,67965,229,229
FANCFg2 OT1,NP_022218_0hr_cellsonly_1_FANCFg2_OT1_S259_R1_001.fastqwtf-difflib_indels.csv,A115,cells ,0,0.01256913,0.01256913,331,865,7956,1,1
FANCFg2 OT1,NP_022218_0hr_cellsonly_2_FANCFg2_OT1_S260_R1_001.fastqwtf-difflib_indels.csv,A115,cells ,0,0.007307805,0.007307805,1864,2188,68420,5,5
FANCFg2 OT1,NP_022218_0hr_cellsonly_3_FANCFg2_OT1_S261_R1_001.fastqwtf-difflib_indels.csv,A115,cells ,0,0.006538832,0.006538832,1576,1544,61173,4,4
FANCFg2 OT1,NP_022218_0hr_dRNA_1_FANCFg2_OT1_S271_R1_001.fastqwtf-difflib_indels.csv,A115,OT1d1 ,0,0.01306734,0.01306734,1009,721,45916,6,6
FANCFg2 OT1,NP_022218_0hr_dRNA_2_FANCFg2_OT1_S272_R1_001.fastqwtf-difflib_indels.csv,A115,OT1d1 ,0,0.006730947,0.008413684,1480,1044,59427,4,5
FANCFg2 OT1,NP_022218_0hr_dRNA_3_FANCFg2_OT1_S273_R1_001.fastqwtf-difflib_indels.csv,A115,OT1d1 ,0,0.00858207,0.00858207,1597,944,58261,5,5
FANCFg2 OT1,NP_022218_0hr_FANCF_1_FANCFg2_OT1_S262_R1_001.fastqwtf-difflib_indels.csv,A115,FANCFg2 ,0,0.008258434,0.008258434,1848,1655,72653,6,6
FANCFg2 OT1,NP_022218_0hr_FANCF_2_FANCFg2_OT1_S263_R1_001.fastqwtf-difflib_indels.csv,A115,FANCFg2 ,0,0.011975092,0.011975092,1361,1163,50104,6,6
FANCFg2 OT1,NP_022218_0hr_FANCF_3_FANCFg2_OT1_S264_R1_001.fastqwtf-difflib_indels.csv,A115,FANCFg2 ,0,0.018941487,0.022098401,1669,1887,63353,12,14
FANCFg2 OT1,NP_022218_0hr_FANCF_dRNA_1_FANCFg2_OT1_S265_R1_001.fastqwtf-difflib_indels.csv,A115,FANCFg2 + OT1d1,0,0.009365488,0.009365488,1130,1238,42710,4,4
FANCFg2 OT1,NP_022218_0hr_FANCF_dRNA_2_FANCFg2_OT1_S266_R1_001.fastqwtf-difflib_indels.csv,A115,FANCFg2 + OT1d1,0,0.008996986,0.011995981,1609,1569,66689,6,8
FANCFg2 OT1,NP_022218_0hr_FANCF_dRNA_3_FANCFg2_OT1_S267_R1_001.fastqwtf-difflib_indels.csv,A115,FANCFg2 + OT1d1,0,0.008574859,0.008574859,526,476,23324,2,2
FANCFg2 OT1,NP_022218_0hr_FANCF_NT_1_FANCFg2_OT1_S268_R1_001.fastqwtf-difflib_indels.csv,A115,FANCFg2 + dNT,0,0.010236724,0.010236724,1435,742,39075,4,4
FANCFg2 OT1,NP_022218_0hr_FANCF_NT_2_FANCFg2_OT1_S269_R1_001.fastqwtf-difflib_indels.csv,A115,FANCFg2 + dNT,0,0.011994003,0.011994003,1910,1536,83375,10,10
FANCFg2 OT1,NP_022218_0hr_FANCF_NT_3_FANCFg2_OT1_S270_R1_001.fastqwtf-difflib_indels.csv,A115,FANCFg2 + dNT,0,0.011249068,0.011249068,1810,1461,71117,8,8
FANCFg2 OT1,NP_022218_0hr_cellsonly_1_FANCFg2_OT1_S259_R1_001.fastqwtf-difflib_indels.csv,DMSO,cells ,0,0.01256913,0.01256913,331,865,7956,1,1
FANCFg2 OT1,NP_022218_0hr_cellsonly_2_FANCFg2_OT1_S260_R1_001.fastqwtf-difflib_indels.csv,DMSO,cells ,0,0.007307805,0.007307805,1864,2188,68420,5,5
FANCFg2 OT1,NP_022218_0hr_cellsonly_3_FANCFg2_OT1_S261_R1_001.fastqwtf-difflib_indels.csv,DMSO,cells ,0,0.006538832,0.006538832,1576,1544,61173,4,4
FANCFg2 OT1,NP_022218_0hr_dRNA_1_FANCFg2_OT1_S271_R1_001.fastqwtf-difflib_indels.csv,DMSO,OT1d1 ,0,0.01306734,0.01306734,1009,721,45916,6,6
FANCFg2 OT1,NP_022218_0hr_dRNA_2_FANCFg2_OT1_S272_R1_001.fastqwtf-difflib_indels.csv,DMSO,OT1d1 ,0,0.006730947,0.008413684,1480,1044,59427,4,5
FANCFg2 OT1,NP_022218_0hr_dRNA_3_FANCFg2_OT1_S273_R1_001.fastqwtf-difflib_indels.csv,DMSO,OT1d1 ,0,0.00858207,0.00858207,1597,944,58261,5,5
FANCFg2 OT1,NP_022218_0hr_FANCF_1_FANCFg2_OT1_S262_R1_001.fastqwtf-difflib_indels.csv,DMSO,FANCFg2 ,0,0.008258434,0.008258434,1848,1655,72653,6,6
FANCFg2 OT1,NP_022218_0hr_FANCF_2_FANCFg2_OT1_S263_R1_001.fastqwtf-difflib_indels.csv,DMSO,FANCFg2 ,0,0.011975092,0.011975092,1361,1163,50104,6,6
FANCFg2 OT1,NP_022218_0hr_FANCF_3_FANCFg2_OT1_S264_R1_001.fastqwtf-difflib_indels.csv,DMSO,FANCFg2 ,0,0.018941487,0.022098401,1669,1887,63353,12,14
FANCFg2 OT1,NP_022218_0hr_FANCF_dRNA_1_FANCFg2_OT1_S265_R1_001.fastqwtf-difflib_indels.csv,DMSO,FANCFg2 + OT1d1,0,0.009365488,0.009365488,1130,1238,42710,4,4
FANCFg2 OT1,NP_022218_0hr_FANCF_dRNA_2_FANCFg2_OT1_S266_R1_001.fastqwtf-difflib_indels.csv,DMSO,FANCFg2 + OT1d1,0,0.008996986,0.011995981,1609,1569,66689,6,8
FANCFg2 OT1,NP_022218_0hr_FANCF_dRNA_3_FANCFg2_OT1_S267_R1_001.fastqwtf-difflib_indels.csv,DMSO,FANCFg2 + OT1d1,0,0.008574859,0.008574859,526,476,23324,2,2
FANCFg2 OT1,NP_022218_0hr_FANCF_NT_1_FANCFg2_OT1_S268_R1_001.fastqwtf-difflib_indels.csv,DMSO,FANCFg2 + dNT,0,0.010236724,0.010236724,1435,742,39075,4,4
FANCFg2 OT1,NP_022218_0hr_FANCF_NT_2_FANCFg2_OT1_S269_R1_001.fastqwtf-difflib_indels.csv,DMSO,FANCFg2 + dNT,0,0.011994003,0.011994003,1910,1536,83375,10,10
FANCFg2 OT1,NP_022218_0hr_FANCF_NT_3_FANCFg2_OT1_S270_R1_001.fastqwtf-difflib_indels.csv,DMSO,FANCFg2 + dNT,0,0.011249068,0.011249068,1810,1461,71117,8,8
FANCFg2 OT1,NP_180220_0_5hr_cellsonly_1_FANCFg2_OT1_S644_R1_001.fastqwtf-difflib_indels.csv,A115,cells ,0.5,0.343620332,0.350103734,4521,1534,15424,53,54
FANCFg2 OT1,NP_180220_0_5hr_cellsonly_2_FANCFg2_OT1_S645_R1_001.fastqwtf-difflib_indels.csv,A115,cells ,0.5,0.042853623,0.043389293,28517,4701,186682,80,81
FANCFg2 OT1,NP_180220_0_5hr_cellsonly_3_FANCFg2_OT1_S646_R1_001.fastqwtf-difflib_indels.csv,A115,cells ,0.5,0.044671928,0.045338673,70867,17087,449947,201,204
FANCFg2 OT1,NP_022218_0point5hr_dRNA_A115_1_FANCFg2_OT1_S412_R1_001.fastqwtf-difflib_indels.csv,A115,OT1d1 ,0.5,0.002617458,0.002617458,43483,2415,38205,1,1
FANCFg2 OT1,NP_180220_0_5hr_dRNA_A115_2_FANCFg2_OT1_S359_R1_001.fastqwtf-difflib_indels.csv,A115,OT1d1 ,0.5,0.022401434,0.022401434,1147,1497,4464,1,1
FANCFg2 OT1,NP_180220_0_5hr_dRNA_A115_3_FANCFg2_OT1_S655_R1_001.fastqwtf-difflib_indels.csv,A115,OT1d1 ,0.5,0.004457719,0.004457719,3827,1071,22433,1,1
FANCFg2 OT1,NP_022218_0point5hr_FANCF_A115_1_FANCFg2_OT1_S403_R1_001.fastqwtf-difflib_indels.csv,A115,FANCFg2 ,0.5,0.006689679,0.006689679,71995,4078,74742,5,5
FANCFg2 OT1,NP_022218_0point5hr_FANCF_A115_2_FANCFg2_OT1_S404_R1_001.fastqwtf-difflib_indels.csv,A115,FANCFg2 ,0.5,0.008384197,0.013414716,62701,2632,59636,5,8
FANCFg2 OT1,NP_180220_0_5hr_FANCF_A115_3_FANCFg2_OT1_S650_R1_001.fastqwtf-difflib_indels.csv,A115,FANCFg2 ,0.5,0,0,937,534,5087,0,0
FANCFg2 OT1,NP_022218_0point5hr_FANCF_dRNA_A115_1_FANCFg2_OT1_S406_R1_001.fastqwtf-difflib_indels.csv,A115,FANCFg2 + OT1d1,0.5,0.013655606,0.027311211,10995,887,7323,1,2
FANCFg2 OT1,NP_022218_0point5hr_FANCF_dRNA_A115_2_FANCFg2_OT1_S407_R1_001.fastqwtf-difflib_indels.csv,A115,FANCFg2 + OT1d1,0.5,0.033459737,0.033459737,11747,920,8966,3,3
FANCFg2 OT1,NP_180220_0_5hr_FANCF_dRNA_A115_3_FANCFg2_OT1_S360_R1_001.fastqwtf-difflib_indels.csv,A115,FANCFg2 + OT1d1,0.5,0.020092425,0.020092425,1163,1703,4977,1,1
FANCFg2 OT1,NP_180220_0_5hr_FANCF_NT_A115_1_FANCFg2_OT1_S652_R1_001.fastqwtf-difflib_indels.csv,A115,FANCFg2 + dNT,0.5,0.008486083,0.008486083,2125,1051,11784,1,1
FANCFg2 OT1,NP_180220_0_5hr_FANCF_NT_A115_2_FANCFg2_OT1_S653_R1_001.fastqwtf-difflib_indels.csv,A115,FANCFg2 + dNT,0.5,0.00442893,0.00483156,38355,7032,248367,11,12
FANCFg2 OT1,NP_022218_0point5hr_FANCF_NT_A115_3_FANCFg2_OT1_S411_R1_001.fastqwtf-difflib_indels.csv,A115,FANCFg2 + dNT,0.5,0.009842713,0.011811256,60760,2464,50799,5,6
FANCFg2 OT1,NP_180220_0_5hr_cellsonly_DMSO_1_FANCFg2_OT1_S647_R1_001.fastqwtf-difflib_indels.csv,DMSO,cells ,0.5,0.076618821,0.077116346,32116,7984,200995,154,155
FANCFg2 OT1,NP_180220_0_5hr_cellsonly_DMSO_2_FANCFg2_OT1_S648_R1_001.fastqwtf-difflib_indels.csv,DMSO,cells ,0.5,0.015347242,0.019293676,37736,13114,228054,35,44
FANCFg2 OT1,NP_180220_0_5hr_cellsonly_DMSO_3_FANCFg2_OT1_S649_R1_001.fastqwtf-difflib_indels.csv,DMSO,cells ,0.5,0.083927822,0.083927822,685,631,2383,2,2
FANCFg2 OT1,NP_022218_0point5hr_dRNA_DMSO_1_FANCFg2_OT1_S424_R1_001.fastqwtf-difflib_indels.csv,DMSO,OT1d1 ,0.5,0.005361451,0.007148602,66532,3157,55955,3,4
FANCFg2 OT1,NP_022218_0point5hr_dRNA_DMSO_2_FANCFg2_OT1_S425_R1_001.fastqwtf-difflib_indels.csv,DMSO,OT1d1 ,0.5,0.005177994,0.005177994,49832,2074,38625,2,2
FANCFg2 OT1,NP_022218_0point5hr_dRNA_DMSO_3_FANCFg2_OT1_S426_R1_001.fastqwtf-difflib_indels.csv,DMSO,OT1d1 ,0.5,0.005618925,0.005618925,63317,2801,53391,3,3
FANCFg2 OT1,NP_022218_0point5hr_FANCF_DMSO_1_FANCFg2_OT1_S415_R1_001.fastqwtf-difflib_indels.csv,DMSO,FANCFg2 ,0.5,0.010171018,0.013077024,72141,3519,68823,7,9
FANCFg2 OT1,NP_022218_0point5hr_FANCF_DMSO_2_FANCFg2_OT1_S416_R1_001.fastqwtf-difflib_indels.csv,DMSO,FANCFg2 ,0.5,0.010526474,0.010526474,67878,3424,66499,7,7
FANCFg2 OT1,NP_022218_0point5hr_FANCF_DMSO_3_FANCFg2_OT1_S417_R1_001.fastqwtf-difflib_indels.csv,DMSO,FANCFg2 ,0.5,0.006858123,0.008572653,59639,2766,58325,4,5
FANCFg2 OT1,NP_022218_0point5hr_FANCF_dRNA_DMSO_1_FANCFg2_OT1_S418_R1_001.fastqwtf-difflib_indels.csv,DMSO,FANCFg2 + OT1d1,0.5,0.011130624,0.01236736,93928,4246,80858,9,10
FANCFg2 OT1,NP_022218_0point5hr_FANCF_dRNA_DMSO_2_FANCFg2_OT1_S419_R1_001.fastqwtf-difflib_indels.csv,DMSO,FANCFg2 + OT1d1,0.5,0.014044662,0.016051042,54663,2415,49841,7,8
FANCFg2 OT1,NP_022218_0point5hr_FANCF_dRNA_DMSO_3_FANCFg2_OT1_S420_R1_001.fastqwtf-difflib_indels.csv,DMSO,FANCFg2 + OT1d1,0.5,0.00260661,0.00260661,50219,2050,38364,1,1
FANCFg2 OT1,NP_022218_0point5hr_FANCF_NT_DMSO_1_FANCFg2_OT1_S421_R1_001.fastqwtf-difflib_indels.csv,DMSO,FANCFg2 + dNT,0.5,0.007624857,0.007624857,70351,3297,65575,5,5
FANCFg2 OT1,NP_022218_0point5hr_FANCF_NT_DMSO_2_FANCFg2_OT1_S422_R1_001.fastqwtf-difflib_indels.csv,DMSO,FANCFg2 + dNT,0.5,0.004025927,0.005367903,76573,3834,74517,3,4
FANCFg2 OT1,NP_022218_0point5hr_FANCF_NT_DMSO_3_FANCFg2_OT1_S423_R1_001.fastqwtf-difflib_indels.csv,DMSO,FANCFg2 + dNT,0.5,0.016806095,0.018673439,63010,2894,53552,9,10
FANCFg2 OT1,NP_022218_1hr_cellsonly_1_FANCFg2_OT1_S427_R1_001.fastqwtf-difflib_indels.csv,A115,cells ,1,0.00285543,0.00285543,45634,1661,35021,1,1
FANCFg2 OT1,NP_022218_1hr_cellsonly_2_FANCFg2_OT1_S428_R1_001.fastqwtf-difflib_indels.csv,A115,cells ,1,0.007287567,0.007287567,110706,5313,123498,9,9
FANCFg2 OT1,NP_022218_1hr_cellsonly_3_FANCFg2_OT1_S429_R1_001.fastqwtf-difflib_indels.csv,A115,cells ,1,0.002021672,0.002021672,66771,2833,49464,1,1
FANCFg2 OT1,NP_022218_1hr_dRNA_A115_1_FANCFg2_OT1_S442_R1_001.fastqwtf-difflib_indels.csv,A115,OT1d1 ,1,0.002984718,0.002984718,42469,1944,33504,1,1
FANCFg2 OT1,NP_022218_1hr_dRNA_A115_2_FANCFg2_OT1_S443_R1_001.fastqwtf-difflib_indels.csv,A115,OT1d1 ,1,0.009587728,0.012783637,41539,1749,31290,3,4
FANCFg2 OT1,NP_022218_1hr_dRNA_A115_3_FANCFg2_OT1_S444_R1_001.fastqwtf-difflib_indels.csv,A115,OT1d1 ,1,0.002385553,0.002385553,44308,2321,41919,1,1
FANCFg2 OT1,NP_022218_1hr_FANCF_A115_1_FANCFg2_OT1_S433_R1_001.fastqwtf-difflib_indels.csv,A115,FANCFg2 ,1,0.012265123,0.014718147,52648,2379,40766,5,6
FANCFg2 OT1,NP_022218_1hr_FANCF_A115_2_FANCFg2_OT1_S434_R1_001.fastqwtf-difflib_indels.csv,A115,FANCFg2 ,1,0.017698419,0.023597892,63062,3018,50852,9,12
FANCFg2 OT1,NP_022218_1hr_FANCF_A115_3_FANCFg2_OT1_S435_R1_001.fastqwtf-difflib_indels.csv,A115,FANCFg2 ,1,0.01237777,0.018566654,15309,879,16158,2,3
FANCFg2 OT1,NP_022218_1hr_FANCF_dRNA_A115_1_FANCFg2_OT1_S436_R1_001.fastqwtf-difflib_indels.csv,A115,FANCFg2 + OT1d1,1,0.013588064,0.013588064,49055,1823,36797,5,5
FANCFg2 OT1,NP_022218_1hr_FANCF_dRNA_A115_2_FANCFg2_OT1_S437_R1_001.fastqwtf-difflib_indels.csv,A115,FANCFg2 + OT1d1,1,0.007646819,0.007646819,84628,3844,78464,6,6
FANCFg2 OT1,NP_022218_1hr_FANCF_dRNA_A115_3_FANCFg2_OT1_S438_R1_001.fastqwtf-difflib_indels.csv,A115,FANCFg2 + OT1d1,1,0.002588796,0.005177591,48908,1957,38628,1,2
FANCFg2 OT1,NP_022218_1hr_FANCF_NT_A115_1_FANCFg2_OT1_S439_R1_001.fastqwtf-difflib_indels.csv,A115,FANCFg2 + dNT,1,0.00504821,0.00504821,48476,2164,39618,2,2
FANCFg2 OT1,NP_022218_1hr_FANCF_NT_A115_2_FANCFg2_OT1_S440_R1_001.fastqwtf-difflib_indels.csv,A115,FANCFg2 + dNT,1,0.005775006,0.005775006,59717,2618,51948,3,3
FANCFg2 OT1,NP_022218_1hr_FANCF_NT_A115_3_FANCFg2_OT1_S441_R1_001.fastqwtf-difflib_indels.csv,A115,FANCFg2 + dNT,1,0.010228609,0.020457219,22721,1085,19553,2,4
FANCFg2 OT1,NP_022218_1hr_cellsonly_DMSO_1_FANCFg2_OT1_S430_R1_001.fastqwtf-difflib_indels.csv,DMSO,cells ,1,0.007591717,0.007591717,64208,2952,52689,4,4
FANCFg2 OT1,NP_022218_1hr_cellsonly_DMSO_2_FANCFg2_OT1_S431_R1_001.fastqwtf-difflib_indels.csv,DMSO,cells ,1,0.008857265,0.013285898,75293,3592,67741,6,9
FANCFg2 OT1,NP_022218_1hr_cellsonly_DMSO_3_FANCFg2_OT1_S432_R1_001.fastqwtf-difflib_indels.csv,DMSO,cells ,1,0.007332095,0.007332095,55028,2445,40916,3,3
FANCFg2 OT1,NP_022218_1hr_dRNA_DMSO_1_FANCFg2_OT1_S454_R1_001.fastqwtf-difflib_indels.csv,DMSO,OT1d1 ,1,0.005585968,0.007447957,54434,3996,53706,3,4
FANCFg2 OT1,NP_022218_1hr_dRNA_DMSO_2_FANCFg2_OT1_S455_R1_001.fastqwtf-difflib_indels.csv,DMSO,OT1d1 ,1,0.012238903,0.016318538,47935,3685,49024,6,8
FANCFg2 OT1,NP_022218_1hr_dRNA_DMSO_3_FANCFg2_OT1_S456_R1_001.fastqwtf-difflib_indels.csv,DMSO,OT1d1 ,1,0.009136592,0.012791229,56260,4314,54725,5,7
FANCFg2 OT1,NP_022218_1hr_FANCF_DMSO_1_FANCFg2_OT1_S445_R1_001.fastqwtf-difflib_indels.csv,DMSO,FANCFg2 ,1,0,0.003556947,37058,1784,28114,0,1
FANCFg2 OT1,NP_022218_1hr_FANCF_DMSO_2_FANCFg2_OT1_S446_R1_001.fastqwtf-difflib_indels.csv,DMSO,FANCFg2 ,1,0.021703407,0.021703407,42442,2000,32253,7,7
FANCFg2 OT1,NP_022218_1hr_FANCF_DMSO_3_FANCFg2_OT1_S447_R1_001.fastqwtf-difflib_indels.csv,DMSO,FANCFg2 ,1,0.002987215,0.002987215,46090,1957,33476,1,1
FANCFg2 OT1,NP_022218_1hr_FANCF_dRNA_DMSO_1_FANCFg2_OT1_S448_R1_001.fastqwtf-difflib_indels.csv,DMSO,FANCFg2 + OT1d1,1,0.004680224,0.007020336,45663,2626,42733,2,3
FANCFg2 OT1,NP_022218_1hr_FANCF_dRNA_DMSO_2_FANCFg2_OT1_S449_R1_001.fastqwtf-difflib_indels.csv,DMSO,FANCFg2 + OT1d1,1,0.009644364,0.012055455,49978,2364,41475,4,5
FANCFg2 OT1,NP_022218_1hr_FANCF_dRNA_DMSO_3_FANCFg2_OT1_S450_R1_001.fastqwtf-difflib_indels.csv,DMSO,FANCFg2 + OT1d1,1,0.006094217,0.010157028,54161,2665,49227,3,5
FANCFg2 OT1,NP_022218_1hr_FANCF_NT_DMSO_1_FANCFg2_OT1_S451_R1_001.fastqwtf-difflib_indels.csv,DMSO,FANCFg2 + dNT,1,0.007684033,0.017289073,46699,2772,52056,4,9
FANCFg2 OT1,NP_022218_1hr_FANCF_NT_DMSO_2_FANCFg2_OT1_S452_R1_001.fastqwtf-difflib_indels.csv,DMSO,FANCFg2 + dNT,1,0.014288572,0.015717429,65089,4383,69986,10,11
FANCFg2 OT1,NP_022218_1hr_FANCF_NT_DMSO_3_FANCFg2_OT1_S453_R1_001.fastqwtf-difflib_indels.csv,DMSO,FANCFg2 + dNT,1,0.005427899,0.009046499,54666,4198,55270,3,5
FANCFg2 OT1,NP_022218_2hr_cellsonly_1_FANCFg2_OT1_S277_R1_001.fastqwtf-difflib_indels.csv,A115,cells ,2,0,0,1515,1228,60713,0,0
FANCFg2 OT1,NP_022218_2hr_cellsonly_2_FANCFg2_OT1_S278_R1_001.fastqwtf-difflib_indels.csv,A115,cells ,2,0.010265134,0.013198029,1840,1687,68192,7,9
FANCFg2 OT1,NP_022218_2hr_cellsonly_3_FANCFg2_OT1_S279_R1_001.fastqwtf-difflib_indels.csv,A115,cells ,2,0.00840548,0.00840548,898,593,35691,3,3
FANCFg2 OT1,NP_022218_2hr_dRNA_A115_1_FANCFg2_OT1_S289_R1_001.fastqwtf-difflib_indels.csv,A115,OT1d1 ,2,0.003823872,0.003823872,1339,983,52303,2,2
FANCFg2 OT1,NP_022218_2hr_dRNA_A115_2_FANCFg2_OT1_S290_R1_001.fastqwtf-difflib_indels.csv,A115,OT1d1 ,2,0.008424803,0.009628346,2168,1786,83088,7,8
FANCFg2 OT1,NP_022218_2hr_dRNA_A115_3_FANCFg2_OT1_S291_R1_001.fastqwtf-difflib_indels.csv,A115,OT1d1 ,2,0,0,143,172,4160,0,0
FANCFg2 OT1,NP_022218_2hr_FANCF_A115_1_FANCFg2_OT1_S280_R1_001.fastqwtf-difflib_indels.csv,A115,FANCFg2 ,2,0.097743911,0.097743911,1265,831,50131,49,49
FANCFg2 OT1,NP_022218_2hr_FANCF_A115_2_FANCFg2_OT1_S281_R1_001.fastqwtf-difflib_indels.csv,A115,FANCFg2 ,2,0.081541127,0.082815207,1944,1772,78488,64,65
FANCFg2 OT1,NP_022218_2hr_FANCF_A115_3_FANCFg2_OT1_S282_R1_001.fastqwtf-difflib_indels.csv,A115,FANCFg2 ,2,0.046171813,0.046171813,941,675,36819,17,17
FANCFg2 OT1,NP_022218_2hr_FANCF_dRNA_A115_1_FANCFg2_OT1_S283_R1_001.fastqwtf-difflib_indels.csv,A115,FANCFg2 + OT1d1,2,0.002068338,0.002068338,1296,942,48348,1,1
FANCFg2 OT1,NP_022218_2hr_FANCF_dRNA_A115_2_FANCFg2_OT1_S284_R1_001.fastqwtf-difflib_indels.csv,A115,FANCFg2 + OT1d1,2,0.016434454,0.016434454,1421,1086,54763,9,9
FANCFg2 OT1,NP_022218_2hr_FANCF_dRNA_A115_3_FANCFg2_OT1_S285_R1_001.fastqwtf-difflib_indels.csv,A115,FANCFg2 + OT1d1,2,0.009786771,0.009786771,2153,1636,81743,8,8
FANCFg2 OT1,NP_022218_2hr_FANCF_NT_A115_1_FANCFg2_OT1_S286_R1_001.fastqwtf-difflib_indels.csv,A115,FANCFg2 + dNT,2,0.066873453,0.066873453,1820,1682,70282,47,47
FANCFg2 OT1,NP_022218_2hr_FANCF_NT_A115_2_FANCFg2_OT1_S287_R1_001.fastqwtf-difflib_indels.csv,A115,FANCFg2 + dNT,2,0.053294172,0.053294172,2100,1878,84437,45,45
FANCFg2 OT1,NP_022218_2hr_FANCF_NT_A115_3_FANCFg2_OT1_S288_R1_001.fastqwtf-difflib_indels.csv,A115,FANCFg2 + dNT,2,0.049733981,0.049733981,2356,1633,86460,43,43
FANCFg2 OT1,NP_022218_2hr_cellsonly_DMSO_1_FANCFg2_OT1_S457_R1_001.fastqwtf-difflib_indels.csv,DMSO,cells ,2,0.007159807,0.009205466,94116,6008,97768,7,9
FANCFg2 OT1,NP_022218_2hr_cellsonly_DMSO_2_FANCFg2_OT1_S458_R1_001.fastqwtf-difflib_indels.csv,DMSO,cells ,2,0.008592246,0.008592246,56136,4239,58192,5,5
FANCFg2 OT1,NP_022218_2hr_cellsonly_DMSO_3_FANCFg2_OT1_S459_R1_001.fastqwtf-difflib_indels.csv,DMSO,cells ,2,0.004540226,0.007567044,63034,4043,66076,3,5
FANCFg2 OT1,NP_022218_2hr_dRNA_DMSO_1_FANCFg2_OT1_S469_R1_001.fastqwtf-difflib_indels.csv,DMSO,OT1d1 ,2,0.008415855,0.008415855,69328,4590,71294,6,6
FANCFg2 OT1,NP_022218_2hr_dRNA_DMSO_2_FANCFg2_OT1_S470_R1_001.fastqwtf-difflib_indels.csv,DMSO,OT1d1 ,2,0.001893652,0.001893652,49532,3337,52808,1,1
FANCFg2 OT1,NP_022218_2hr_dRNA_DMSO_3_FANCFg2_OT1_S471_R1_001.fastqwtf-difflib_indels.csv,DMSO,OT1d1 ,2,0.00125606,0.003768181,76319,4990,79614,1,3
FANCFg2 OT1,NP_022218_2hr_FANCF_DMSO_1_FANCFg2_OT1_S460_R1_001.fastqwtf-difflib_indels.csv,DMSO,FANCFg2 ,2,0.006583929,0.008229911,59938,4328,60754,4,5
FANCFg2 OT1,NP_022218_2hr_FANCF_DMSO_2_FANCFg2_OT1_S461_R1_001.fastqwtf-difflib_indels.csv,DMSO,FANCFg2 ,2,0.004967134,0.006622846,58237,4030,60397,3,4
FANCFg2 OT1,NP_180220_2hr_FANCF_DMSO_3_FANCFg2_OT1_S656_R1_001.fastqwtf-difflib_indels.csv,DMSO,FANCFg2 ,2,0.019435671,0.022906327,23587,9401,144065,28,33
FANCFg2 OT1,NP_022218_2hr_FANCF_dRNA_DMSO_1_FANCFg2_OT1_S463_R1_001.fastqwtf-difflib_indels.csv,DMSO,FANCFg2 + OT1d1,2,0.003737992,0.007475983,75610,5245,80257,3,6
FANCFg2 OT1,NP_022218_2hr_FANCF_dRNA_DMSO_2_FANCFg2_OT1_S464_R1_001.fastqwtf-difflib_indels.csv,DMSO,FANCFg2 + OT1d1,2,0.007850526,0.010990736,60027,4249,63690,5,7
FANCFg2 OT1,NP_022218_2hr_FANCF_dRNA_DMSO_3_FANCFg2_OT1_S465_R1_001.fastqwtf-difflib_indels.csv,DMSO,FANCFg2 + OT1d1,2,0.009570599,0.011697399,88552,5084,94038,9,11
FANCFg2 OT1,NP_022218_2hr_FANCF_NT_DMSO_1_FANCFg2_OT1_S466_R1_001.fastqwtf-difflib_indels.csv,DMSO,FANCFg2 + dNT,2,0.006069582,0.009711331,80873,5537,82378,5,8
FANCFg2 OT1,NP_022218_2hr_FANCF_NT_DMSO_2_FANCFg2_OT1_S467_R1_001.fastqwtf-difflib_indels.csv,DMSO,FANCFg2 + dNT,2,0.00756859,0.00756859,75324,4324,79275,6,6
FANCFg2 OT1,NP_022218_2hr_FANCF_NT_DMSO_3_FANCFg2_OT1_S468_R1_001.fastqwtf-difflib_indels.csv,DMSO,FANCFg2 + dNT,2,0.006158773,0.006158773,61072,3384,64948,4,4
FANCFg2 OT1,NP_022218_4hr_cellsonly_1_FANCFg2_OT1_S292_R1_001.fastqwtf-difflib_indels.csv,A115,cells ,4,0.008500149,0.008500149,621,579,23529,2,2
FANCFg2 OT1,NP_022218_4hr_cellsonly_2_FANCFg2_OT1_S293_R1_001.fastqwtf-difflib_indels.csv,A115,cells ,4,0.007681524,0.007681524,1384,1849,52073,4,4
FANCFg2 OT1,NP_022218_4hr_cellsonly_3_FANCFg2_OT1_S294_R1_001.fastqwtf-difflib_indels.csv,A115,cells ,4,0.01937609,0.021528989,1345,1430,46449,9,10
FANCFg2 OT1,NP_022218_4hr_dRNA_A115_1_FANCFg2_OT1_S304_R1_001.fastqwtf-difflib_indels.csv,A115,OT1d1 ,4,0.004658819,0.006211759,1686,1120,64394,3,4
FANCFg2 OT1,NP_022218_4hr_dRNA_A115_2_FANCFg2_OT1_S305_R1_001.fastqwtf-difflib_indels.csv,A115,OT1d1 ,4,0.013392658,0.013392658,1684,1494,67201,9,9
FANCFg2 OT1,NP_022218_4hr_dRNA_A115_3_FANCFg2_OT1_S306_R1_001.fastqwtf-difflib_indels.csv,A115,OT1d1 ,4,0,0,1731,1519,66670,0,0
FANCFg2 OT1,NP_022218_4hr_FANCF_A115_1_FANCFg2_OT1_S295_R1_001.fastqwtf-difflib_indels.csv,A115,FANCFg2 ,4,0.217634623,0.219189156,1758,2263,64328,140,141
FANCFg2 OT1,NP_022218_4hr_FANCF_A115_2_FANCFg2_OT1_S296_R1_001.fastqwtf-difflib_indels.csv,A115,FANCFg2 ,4,0.158294639,0.158294639,1230,851,47380,75,75
FANCFg2 OT1,NP_022218_4hr_FANCF_A115_3_FANCFg2_OT1_S297_R1_001.fastqwtf-difflib_indels.csv,A115,FANCFg2 ,4,0.210688592,0.212401507,1434,1713,58380,123,124
FANCFg2 OT1,NP_022218_4hr_FANCF_dRNA_A115_1_FANCFg2_OT1_S298_R1_001.fastqwtf-difflib_indels.csv,A115,FANCFg2 + OT1d1,4,0.013561774,0.01582207,1117,1163,44242,6,7
FANCFg2 OT1,NP_022218_4hr_FANCF_dRNA_A115_2_FANCFg2_OT1_S299_R1_001.fastqwtf-difflib_indels.csv,A115,FANCFg2 + OT1d1,4,0.008295313,0.008295313,301,331,12055,1,1
FANCFg2 OT1,NP_022218_4hr_FANCF_dRNA_A115_3_FANCFg2_OT1_S300_R1_001.fastqwtf-difflib_indels.csv,A115,FANCFg2 + OT1d1,4,0.009968599,0.009968599,1034,1033,40126,4,4
FANCFg2 OT1,NP_022218_4hr_FANCF_NT_A115_1_FANCFg2_OT1_S301_R1_001.fastqwtf-difflib_indels.csv,A115,FANCFg2 + dNT,4,0.207911812,0.209307193,1923,2310,71665,149,150
FANCFg2 OT1,NP_022218_4hr_FANCF_NT_A115_2_FANCFg2_OT1_S302_R1_001.fastqwtf-difflib_indels.csv,A115,FANCFg2 + dNT,4,0.165706747,0.167315551,1625,1626,62158,103,104
FANCFg2 OT1,NP_022218_4hr_FANCF_NT_A115_3_FANCFg2_OT1_S303_R1_001.fastqwtf-difflib_indels.csv,A115,FANCFg2 + dNT,4,0.144578313,0.148433735,1383,1016,51875,75,77
FANCFg2 OT1,NP_022218_4hr_cellsonly_DMSO_1_FANCFg2_OT1_S472_R1_001.fastqwtf-difflib_indels.csv,DMSO,cells ,4,0.008897325,0.016311762,63775,4568,67436,6,11
FANCFg2 OT1,NP_022218_4hr_cellsonly_DMSO_2_FANCFg2_OT1_S473_R1_001.fastqwtf-difflib_indels.csv,DMSO,cells ,4,0.007088378,0.009923729,65423,4444,70538,5,7
FANCFg2 OT1,NP_022218_4hr_cellsonly_DMSO_3_FANCFg2_OT1_S474_R1_001.fastqwtf-difflib_indels.csv,DMSO,cells ,4,0.010758665,0.017931109,52549,3950,55769,6,10
FANCFg2 OT1,NP_022218_4hr_dRNA_DMSO_1_FANCFg2_OT1_S484_R1_001.fastqwtf-difflib_indels.csv,DMSO,OT1d1 ,4,0.011059806,0.012442282,66388,3776,72334,8,9
FANCFg2 OT1,NP_022218_4hr_dRNA_DMSO_2_FANCFg2_OT1_S485_R1_001.fastqwtf-difflib_indels.csv,DMSO,OT1d1 ,4,0.005899496,0.011798992,82865,5248,84753,5,10
FANCFg2 OT1,NP_022218_4hr_dRNA_DMSO_3_FANCFg2_OT1_S486_R1_001.fastqwtf-difflib_indels.csv,DMSO,OT1d1 ,4,0.008309237,0.009971084,66797,3877,60174,5,6
FANCFg2 OT1,NP_022218_4hr_FANCF_DMSO_1_FANCFg2_OT1_S475_R1_001.fastqwtf-difflib_indels.csv,DMSO,FANCFg2 ,4,0.007279433,0.009705911,40439,2435,41212,3,4
FANCFg2 OT1,NP_022218_4hr_FANCF_DMSO_2_FANCFg2_OT1_S476_R1_001.fastqwtf-difflib_indels.csv,DMSO,FANCFg2 ,4,0.003015682,0.006031363,58533,4027,66320,2,4
FANCFg2 OT1,NP_022218_4hr_FANCF_DMSO_3_FANCFg2_OT1_S477_R1_001.fastqwtf-difflib_indels.csv,DMSO,FANCFg2 ,4,0.0106404,0.0106404,65140,4210,65787,7,7
FANCFg2 OT1,NP_022218_4hr_FANCF_dRNA_DMSO_1_FANCFg2_OT1_S478_R1_001.fastqwtf-difflib_indels.csv,DMSO,FANCFg2 + OT1d1,4,0.029575527,0.032147312,74095,4861,77767,23,25
FANCFg2 OT1,NP_022218_4hr_FANCF_dRNA_DMSO_2_FANCFg2_OT1_S479_R1_001.fastqwtf-difflib_indels.csv,DMSO,FANCFg2 + OT1d1,4,0.006956328,0.006956328,72642,4406,71877,5,5
FANCFg2 OT1,NP_022218_4hr_FANCF_dRNA_DMSO_3_FANCFg2_OT1_S480_R1_001.fastqwtf-difflib_indels.csv,DMSO,FANCFg2 + OT1d1,4,0.018215957,0.025222095,72476,4790,71366,13,18
FANCFg2 OT1,NP_022218_4hr_FANCF_NT_DMSO_1_FANCFg2_OT1_S481_R1_001.fastqwtf-difflib_indels.csv,DMSO,FANCFg2 + dNT,4,0.018132366,0.019427535,75254,4769,77210,14,15
FANCFg2 OT1,NP_022218_4hr_FANCF_NT_DMSO_2_FANCFg2_OT1_S482_R1_001.fastqwtf-difflib_indels.csv,DMSO,FANCFg2 + dNT,4,0.009307954,0.010859279,63794,3952,64461,6,7
FANCFg2 OT1,NP_022218_4hr_FANCF_NT_DMSO_3_FANCFg2_OT1_S483_R1_001.fastqwtf-difflib_indels.csv,DMSO,FANCFg2 + dNT,4,0.017971507,0.01960528,54047,3104,61208,11,12
FANCFg2 OT1,NP_022218_8hr_cellsonly_1_FANCFg2_OT1_S307_R1_001.fastqwtf-difflib_indels.csv,A115,cells ,8,0.004728635,0.004728635,1938,1907,84591,4,4
FANCFg2 OT1,NP_022218_8hr_cellsonly_2_FANCFg2_OT1_S308_R1_001.fastqwtf-difflib_indels.csv,A115,cells ,8,0.005944508,0.005944508,1717,1252,67289,4,4
FANCFg2 OT1,NP_022218_8hr_cellsonly_3_FANCFg2_OT1_S309_R1_001.fastqwtf-difflib_indels.csv,A115,cells ,8,0.013622947,0.013622947,1838,1831,66065,9,9
FANCFg2 OT1,NP_022218_8hr_dRNA_A115_1_FANCFg2_OT1_S319_R1_001.fastqwtf-difflib_indels.csv,A115,OT1d1 ,8,0.012126504,0.012126504,938,781,41232,5,5
FANCFg2 OT1,NP_022218_8hr_dRNA_A115_2_FANCFg2_OT1_S320_R1_001.fastqwtf-difflib_indels.csv,A115,OT1d1 ,8,0,0,1081,382,12417,0,0
FANCFg2 OT1,NP_022218_8hr_dRNA_A115_3_FANCFg2_OT1_S321_R1_001.fastqwtf-difflib_indels.csv,A115,OT1d1 ,8,0.019551616,0.019551616,838,688,30688,6,6
FANCFg2 OT1,NP_022218_8hr_FANCF_A115_1_FANCFg2_OT1_S310_R1_001.fastqwtf-difflib_indels.csv,A115,FANCFg2 ,8,0.715885772,0.715885772,1710,1942,63837,457,457
FANCFg2 OT1,NP_022218_8hr_FANCF_A115_2_FANCFg2_OT1_S311_R1_001.fastqwtf-difflib_indels.csv,A115,FANCFg2 ,8,0.772234273,0.773680405,1743,1671,69150,534,535
FANCFg2 OT1,NP_022218_8hr_FANCF_A115_3_FANCFg2_OT1_S312_R1_001.fastqwtf-difflib_indels.csv,A115,FANCFg2 ,8,0.788597764,0.788597764,1449,1081,58585,462,462
FANCFg2 OT1,NP_022218_8hr_FANCF_dRNA_A115_1_FANCFg2_OT1_S313_R1_001.fastqwtf-difflib_indels.csv,A115,FANCFg2 + OT1d1,8,0.03500175,0.03500175,1907,1531,74282,26,26
FANCFg2 OT1,NP_022218_8hr_FANCF_dRNA_A115_2_FANCFg2_OT1_S314_R1_001.fastqwtf-difflib_indels.csv,A115,FANCFg2 + OT1d1,8,0.031192906,0.031192906,1794,1621,67323,21,21
FANCFg2 OT1,NP_022218_8hr_FANCF_dRNA_A115_3_FANCFg2_OT1_S315_R1_001.fastqwtf-difflib_indels.csv,A115,FANCFg2 + OT1d1,8,0.026770454,0.026770454,1118,946,48561,13,13
FANCFg2 OT1,NP_022218_8hr_FANCF_NT_A115_1_FANCFg2_OT1_S316_R1_001.fastqwtf-difflib_indels.csv,A115,FANCFg2 + dNT,8,0.725686361,0.725686361,1273,957,47679,346,346
FANCFg2 OT1,NP_022218_8hr_FANCF_NT_A115_2_FANCFg2_OT1_S317_R1_001.fastqwtf-difflib_indels.csv,A115,FANCFg2 + dNT,8,0.706585376,0.706585376,1857,2193,74301,525,525
FANCFg2 OT1,NP_022218_8hr_FANCF_NT_A115_3_FANCFg2_OT1_S318_R1_001.fastqwtf-difflib_indels.csv,A115,FANCFg2 + dNT,8,0.62149158,0.62149158,795,993,29928,186,186
FANCFg2 OT1,NP_022218_8hr_cellsonly_DMSO_1_FANCFg2_OT1_S487_R1_001.fastqwtf-difflib_indels.csv,DMSO,cells ,8,0.008961606,0.017923212,74946,4784,78111,7,14
FANCFg2 OT1,NP_022218_8hr_cellsonly_DMSO_2_FANCFg2_OT1_S488_R1_001.fastqwtf-difflib_indels.csv,DMSO,cells ,8,0.010661143,0.013707184,63332,4680,65659,7,9
FANCFg2 OT1,NP_022218_8hr_cellsonly_DMSO_3_FANCFg2_OT1_S489_R1_001.fastqwtf-difflib_indels.csv,DMSO,cells ,8,0.005989817,0.005989817,62796,3946,66780,4,4
FANCFg2 OT1,NP_180220_8hr_dRNA_DMSO_1_FANCFg2_OT1_S657_R1_001.fastqwtf-difflib_indels.csv,DMSO,OT1d1 ,8,0,0,258,315,680,0,0
FANCFg2 OT1,NP_180220_8hr_dRNA_DMSO_2_FANCFg2_OT1_S658_R1_001.fastqwtf-difflib_indels.csv,DMSO,OT1d1 ,8,0.00329511,0.00329511,9678,2221,60696,2,2
FANCFg2 OT1,NP_180220_8hr_dRNA_DMSO_3_FANCFg2_OT1_S659_R1_001.fastqwtf-difflib_indels.csv,DMSO,OT1d1 ,8,0.013586264,0.014718453,29287,7672,176649,24,26
FANCFg2 OT1,NP_022218_8hr_FANCF_DMSO_1_FANCFg2_OT1_S490_R1_001.fastqwtf-difflib_indels.csv,DMSO,FANCFg2 ,8,0.03984009,0.041213886,74238,4771,72791,29,30
FANCFg2 OT1,NP_022218_8hr_FANCF_DMSO_2_FANCFg2_OT1_S491_R1_001.fastqwtf-difflib_indels.csv,DMSO,FANCFg2 ,8,0.036322251,0.036322251,39486,1922,41297,15,15
FANCFg2 OT1,NP_022218_8hr_FANCF_DMSO_3_FANCFg2_OT1_S492_R1_001.fastqwtf-difflib_indels.csv,DMSO,FANCFg2 ,8,0.03401316,0.036629557,75223,4507,76441,26,28
FANCFg2 OT1,NP_022218_8hr_FANCF_dRNA_DMSO_1_FANCFg2_OT1_S493_R1_001.fastqwtf-difflib_indels.csv,DMSO,FANCFg2 + OT1d1,8,0.035608309,0.039564787,24240,1901,25275,9,10
FANCFg2 OT1,NP_022218_8hr_FANCF_dRNA_DMSO_2_FANCFg2_OT1_S494_R1_001.fastqwtf-difflib_indels.csv,DMSO,FANCFg2 + OT1d1,8,0.0395309,0.0395309,66191,4517,68301,27,27
FANCFg2 OT1,NP_022218_8hr_FANCF_dRNA_DMSO_3_FANCFg2_OT1_S495_R1_001.fastqwtf-difflib_indels.csv,DMSO,FANCFg2 + OT1d1,8,0.023870265,0.025362157,68069,4284,67029,16,17
FANCFg2 OT1,NP_022218_8hr_FANCF_NT_DMSO_1_FANCFg2_OT1_S496_R1_001.fastqwtf-difflib_indels.csv,DMSO,FANCFg2 + dNT,8,0.05388493,0.055623153,54789,4162,57530,31,32
FANCFg2 OT1,NP_022218_8hr_FANCF_NT_DMSO_2_FANCFg2_OT1_S497_R1_001.fastqwtf-difflib_indels.csv,DMSO,FANCFg2 + dNT,8,0.014605885,0.016228761,56968,3836,61619,9,10
FANCFg2 OT1,NP_022218_8hr_FANCF_NT_DMSO_3_FANCFg2_OT1_S498_R1_001.fastqwtf-difflib_indels.csv,DMSO,FANCFg2 + dNT,8,0.011982075,0.016774905,42069,3199,41729,5,7
FANCFg2 OT1,NP_022218_16hr_cellsonly_1_FANCFg2_OT1_S322_R1_001.fastqwtf-difflib_indels.csv,A115,cells ,16,0.002192069,0.002192069,1167,1000,45619,1,1
FANCFg2 OT1,NP_022218_16hr_cellsonly_2_FANCFg2_OT1_S323_R1_001.fastqwtf-difflib_indels.csv,A115,cells ,16,0.00633212,0.00633212,824,706,31585,2,2
FANCFg2 OT1,NP_022218_16hr_cellsonly_3_FANCFg2_OT1_S324_R1_001.fastqwtf-difflib_indels.csv,A115,cells ,16,0.020989295,0.020989295,1095,828,42879,9,9
FANCFg2 OT1,NP_022218_16hr_dRNA_A115_1_FANCFg2_OT1_S334_R1_001.fastqwtf-difflib_indels.csv,A115,OT1d1 ,16,0.018681612,0.020016013,2057,2232,74940,14,15
FANCFg2 OT1,NP_022218_16hr_dRNA_A115_2_FANCFg2_OT1_S335_R1_001.fastqwtf-difflib_indels.csv,A115,OT1d1 ,16,0.042410562,0.042410562,1885,1571,73095,31,31
FANCFg2 OT1,NP_022218_16hr_dRNA_A115_3_FANCFg2_OT1_S336_R1_001.fastqwtf-difflib_indels.csv,A115,OT1d1 ,16,0.019100008,0.020373341,2174,2307,78534,15,16
FANCFg2 OT1,NP_022218_16hr_FANCF_A115_1_FANCFg2_OT1_S325_R1_001.fastqwtf-difflib_indels.csv,A115,FANCFg2 ,16,4.087261785,4.087261785,1449,1745,55832,2282,2282
FANCFg2 OT1,NP_022218_16hr_FANCF_A115_2_FANCFg2_OT1_S326_R1_001.fastqwtf-difflib_indels.csv,A115,FANCFg2 ,16,3.932496075,3.937205651,1759,1929,63700,2505,2508
FANCFg2 OT1,NP_022218_16hr_FANCF_A115_3_FANCFg2_OT1_S327_R1_001.fastqwtf-difflib_indels.csv,A115,FANCFg2 ,16,3.888500117,3.89083275,1189,930,42870,1667,1668
FANCFg2 OT1,NP_022218_16hr_FANCF_dRNA_A115_1_FANCFg2_OT1_S328_R1_001.fastqwtf-difflib_indels.csv,A115,FANCFg2 + OT1d1,16,0.074582339,0.074582339,1526,1256,60336,45,45
FANCFg2 OT1,NP_022218_16hr_FANCF_dRNA_A115_2_FANCFg2_OT1_S329_R1_001.fastqwtf-difflib_indels.csv,A115,FANCFg2 + OT1d1,16,0.080802537,0.080802537,1629,1583,65592,53,53
FANCFg2 OT1,NP_022218_16hr_FANCF_dRNA_A115_3_FANCFg2_OT1_S330_R1_001.fastqwtf-difflib_indels.csv,A115,FANCFg2 + OT1d1,16,0.112558289,0.120598167,303,279,12438,14,15
FANCFg2 OT1,NP_022218_16hr_FANCF_NT_A115_1_FANCFg2_OT1_S331_R1_001.fastqwtf-difflib_indels.csv,A115,FANCFg2 + dNT,16,3.104515259,3.107448197,1937,1517,68191,2117,2119
FANCFg2 OT1,NP_022218_16hr_FANCF_NT_A115_2_FANCFg2_OT1_S332_R1_001.fastqwtf-difflib_indels.csv,A115,FANCFg2 + dNT,16,3.117196808,3.120460888,1694,1522,61273,1910,1912
FANCFg2 OT1,NP_022218_16hr_FANCF_NT_A115_3_FANCFg2_OT1_S333_R1_001.fastqwtf-difflib_indels.csv,A115,FANCFg2 + dNT,16,2.910398006,2.911847407,1964,2390,68994,2008,2009
FANCFg2 OT1,NP_180220_16hr_cellsonly_DMSO_1_FANCFg2_OT1_S660_R1_001.fastqwtf-difflib_indels.csv,DMSO,cells ,16,0.012980481,0.012980481,10128,2539,61631,8,8
FANCFg2 OT1,NP_180220_16hr_cellsonly_DMSO_2_FANCFg2_OT1_S661_R1_001.fastqwtf-difflib_indels.csv,DMSO,cells ,16,0.004234776,0.005081731,18359,3139,118070,5,6
FANCFg2 OT1,NP_180220_16hr_cellsonly_DMSO_3_FANCFg2_OT1_S662_R1_001.fastqwtf-difflib_indels.csv,DMSO,cells ,16,0.008622045,0.009129224,31358,8045,197169,17,18
FANCFg2 OT1,NP_180220_16hr_dRNA_DMSO_1_FANCFg2_OT1_S672_R1_001.fastqwtf-difflib_indels.csv,DMSO,OT1d1 ,16,0.009648319,0.012404981,24798,8501,145103,14,18
FANCFg2 OT1,NP_180220_16hr_dRNA_DMSO_2_FANCFg2_OT1_S673_R1_001.fastqwtf-difflib_indels.csv,DMSO,OT1d1 ,16,0.021668137,0.021668137,9935,1685,64611,14,14
FANCFg2 OT1,NP_180220_16hr_dRNA_DMSO_3_FANCFg2_OT1_S674_R1_001.fastqwtf-difflib_indels.csv,DMSO,OT1d1 ,16,0.003584358,0.003584358,31156,8342,195293,7,7
FANCFg2 OT1,NP_180220_16hr_FANCF_DMSO_1_FANCFg2_OT1_S663_R1_001.fastqwtf-difflib_indels.csv,DMSO,FANCFg2 ,16,0.162523002,0.165209332,11878,3530,74451,121,123
FANCFg2 OT1,NP_180220_16hr_FANCF_DMSO_2_FANCFg2_OT1_S664_R1_001.fastqwtf-difflib_indels.csv,DMSO,FANCFg2 ,16,0.223827635,0.224737503,18497,7086,109906,246,247
FANCFg2 OT1,NP_180220_16hr_FANCF_DMSO_3_FANCFg2_OT1_S665_R1_001.fastqwtf-difflib_indels.csv,DMSO,FANCFg2 ,16,0.203162265,0.203162265,5561,1079,33963,69,69
FANCFg2 OT1,NP_180220_16hr_FANCF_dRNA_DMSO_1_FANCFg2_OT1_S666_R1_001.fastqwtf-difflib_indels.csv,DMSO,FANCFg2 + OT1d1,16,0.026904733,0.026904733,7452,1284,40885,11,11
FANCFg2 OT1,NP_180220_16hr_FANCF_dRNA_DMSO_2_FANCFg2_OT1_S667_R1_001.fastqwtf-difflib_indels.csv,DMSO,FANCFg2 + OT1d1,16,0.073078819,0.074839755,17686,3485,113576,83,85
FANCFg2 OT1,NP_180220_16hr_FANCF_dRNA_DMSO_3_FANCFg2_OT1_S668_R1_001.fastqwtf-difflib_indels.csv,DMSO,FANCFg2 + OT1d1,16,0.037320093,0.037320093,19886,5555,123258,46,46
FANCFg2 OT1,NP_180220_16hr_FANCF_NT_DMSO_1_FANCFg2_OT1_S669_R1_001.fastqwtf-difflib_indels.csv,DMSO,FANCFg2 + dNT,16,0.089271648,0.089271648,3000,559,19043,17,17
FANCFg2 OT1,NP_180220_16hr_FANCF_NT_DMSO_2_FANCFg2_OT1_S670_R1_001.fastqwtf-difflib_indels.csv,DMSO,FANCFg2 + dNT,16,0.062848904,0.064697401,8570,1672,54098,34,35
FANCFg2 OT1,NP_180220_16hr_FANCF_NT_DMSO_3_FANCFg2_OT1_S671_R1_001.fastqwtf-difflib_indels.csv,DMSO,FANCFg2 + dNT,16,0.089840452,0.089840452,14898,3968,92386,83,83
FANCFg2 OT1,NP_022218_24hr_cellsonly_1_FANCFg2_OT1_S337_R1_001.fastqwtf-difflib_indels.csv,A115,cells ,24,0.005652192,0.005652192,1928,1940,70769,4,4
FANCFg2 OT1,NP_022218_24hr_cellsonly_2_FANCFg2_OT1_S338_R1_001.fastqwtf-difflib_indels.csv,A115,cells ,24,0.009294832,0.010843971,1583,1465,64552,6,7
FANCFg2 OT1,NP_022218_24hr_cellsonly_3_FANCFg2_OT1_S339_R1_001.fastqwtf-difflib_indels.csv,A115,cells ,24,0.00352908,0.00352908,1464,1398,56672,2,2
FANCFg2 OT1,NP_022218_24hr_dRNA_A115_1_FANCFg2_OT1_S352_R1_001.fastqwtf-difflib_indels.csv,A115,OT1d1 ,24,0.018802546,0.020145585,2072,2867,74458,14,15
FANCFg2 OT1,NP_022218_24hr_dRNA_A115_2_FANCFg2_OT1_S353_R1_001.fastqwtf-difflib_indels.csv,A115,OT1d1 ,24,0.042012099,0.043412503,1903,2383,71408,30,31
FANCFg2 OT1,NP_022218_24hr_dRNA_A115_3_FANCFg2_OT1_S354_R1_001.fastqwtf-difflib_indels.csv,A115,OT1d1 ,24,0.011564203,0.013009728,1871,2606,69179,8,9
FANCFg2 OT1,NP_022218_24hr_FANCF_A115_1_FANCFg2_OT1_S343_R1_001.fastqwtf-difflib_indels.csv,A115,FANCFg2 ,24,4.201056193,4.202637321,1693,1949,63246,2657,2658
FANCFg2 OT1,NP_022218_24hr_FANCF_A115_2_FANCFg2_OT1_S344_R1_001.fastqwtf-difflib_indels.csv,A115,FANCFg2 ,24,3.818031633,3.828739254,1905,1954,65374,2496,2503
FANCFg2 OT1,NP_022218_24hr_FANCF_A115_3_FANCFg2_OT1_S345_R1_001.fastqwtf-difflib_indels.csv,A115,FANCFg2 ,24,3.450193995,3.450193995,1849,2250,71909,2481,2481
FANCFg2 OT1,NP_022218_24hr_FANCF_dRNA_A115_1_FANCFg2_OT1_S346_R1_001.fastqwtf-difflib_indels.csv,A115,FANCFg2 + OT1d1,24,0.062989403,0.064224489,2092,2697,80966,51,52
FANCFg2 OT1,NP_022218_24hr_FANCF_dRNA_A115_2_FANCFg2_OT1_S347_R1_001.fastqwtf-difflib_indels.csv,A115,FANCFg2 + OT1d1,24,0.085575495,0.086833958,1968,2671,79462,68,69
FANCFg2 OT1,NP_022218_24hr_FANCF_dRNA_A115_3_FANCFg2_OT1_S348_R1_001.fastqwtf-difflib_indels.csv,A115,FANCFg2 + OT1d1,24,0.088533046,0.089816134,2068,2784,77937,69,70
FANCFg2 OT1,NP_022218_24hr_FANCF_NT_A115_1_FANCFg2_OT1_S349_R1_001.fastqwtf-difflib_indels.csv,A115,FANCFg2 + dNT,24,3.273846154,3.273846154,2167,2896,81250,2660,2660
FANCFg2 OT1,NP_022218_24hr_FANCF_NT_A115_2_FANCFg2_OT1_S350_R1_001.fastqwtf-difflib_indels.csv,A115,FANCFg2 + dNT,24,3.250944584,3.252256507,1968,2408,76224,2478,2479
FANCFg2 OT1,NP_022218_24hr_FANCF_NT_A115_3_FANCFg2_OT1_S351_R1_001.fastqwtf-difflib_indels.csv,A115,FANCFg2 + dNT,24,2.727821209,2.73038857,2169,2345,77901,2125,2127
FANCFg2 OT1,NP_022218_24hr_cellsonly_DMSO_1_FANCFg2_OT1_S340_R1_001.fastqwtf-difflib_indels.csv,DMSO,cells ,24,0.011047282,0.022094565,208,586,9052,1,2
FANCFg2 OT1,NP_022218_24hr_cellsonly_DMSO_2_FANCFg2_OT1_S341_R1_001.fastqwtf-difflib_indels.csv,DMSO,cells ,24,0.015414366,0.015414366,1737,2115,71362,11,11
FANCFg2 OT1,NP_022218_24hr_cellsonly_DMSO_3_FANCFg2_OT1_S342_R1_001.fastqwtf-difflib_indels.csv,DMSO,cells ,24,0.006371212,0.006371212,1999,2319,78478,5,5
FANCFg2 OT1,NP_022218_24hr_dRNA_DMSO_1_FANCFg2_OT1_S364_R1_001.fastqwtf-difflib_indels.csv,DMSO,OT1d1 ,24,0.011234851,0.011234851,2040,2708,71207,8,8
FANCFg2 OT1,NP_022218_24hr_dRNA_DMSO_2_FANCFg2_OT1_S365_R1_001.fastqwtf-difflib_indels.csv,DMSO,OT1d1 ,24,0.008177284,0.008177284,1743,2458,73374,6,6
FANCFg2 OT1,NP_022218_24hr_dRNA_DMSO_3_FANCFg2_OT1_S366_R1_001.fastqwtf-difflib_indels.csv,DMSO,OT1d1 ,24,0.009688313,0.011072358,1877,2333,72252,7,8
FANCFg2 OT1,NP_022218_24hr_FANCF_DMSO_1_FANCFg2_OT1_S355_R1_001.fastqwtf-difflib_indels.csv,DMSO,FANCFg2 ,24,0.173669094,0.173669094,2339,1456,14971,26,26
FANCFg2 OT1,NP_022218_24hr_FANCF_DMSO_2_FANCFg2_OT1_S356_R1_001.fastqwtf-difflib_indels.csv,DMSO,FANCFg2 ,24,0.217498632,0.217498632,2049,2236,74943,163,163
FANCFg2 OT1,NP_022218_24hr_FANCF_DMSO_3_FANCFg2_OT1_S357_R1_001.fastqwtf-difflib_indels.csv,DMSO,FANCFg2 ,24,0.224487047,0.225983627,1696,1916,66819,150,151
FANCFg2 OT1,NP_022218_24hr_FANCF_dRNA_DMSO_1_FANCFg2_OT1_S358_R1_001.fastqwtf-difflib_indels.csv,DMSO,FANCFg2 + OT1d1,24,0.081467539,0.081467539,1806,2234,71194,58,58
FANCFg2 OT1,NP_022218_24hr_FANCF_dRNA_DMSO_2_FANCFg2_OT1_S359_R1_001.fastqwtf-difflib_indels.csv,DMSO,FANCFg2 + OT1d1,24,0.048940255,0.051450012,2065,2649,79689,39,41
FANCFg2 OT1,NP_022218_24hr_FANCF_dRNA_DMSO_3_FANCFg2_OT1_S360_R1_001.fastqwtf-difflib_indels.csv,DMSO,FANCFg2 + OT1d1,24,0.089265789,0.090660567,1989,2287,71696,64,65
FANCFg2 OT1,NP_022218_24hr_FANCF_NT_DMSO_1_FANCFg2_OT1_S361_R1_001.fastqwtf-difflib_indels.csv,DMSO,FANCFg2 + dNT,24,0.156828052,0.158168463,2004,2366,74604,117,118
FANCFg2 OT1,NP_022218_24hr_FANCF_NT_DMSO_2_FANCFg2_OT1_S362_R1_001.fastqwtf-difflib_indels.csv,DMSO,FANCFg2 + dNT,24,0.158517926,0.158517926,1770,2300,72547,115,115
FANCFg2 OT1,NP_022218_24hr_FANCF_NT_DMSO_3_FANCFg2_OT1_S363_R1_001.fastqwtf-difflib_indels.csv,DMSO,FANCFg2 + dNT,24,0.107059033,0.11254924,1762,2329,72857,78,82