Sample,Name,Experiment,Site,Time,X_lab,Indel_stringent,Indel %,Reads filered (low Phred),Reads lacking nmer(s),Reads_passing,Total Indels (stringent),Total Indels
NP_181003_CCR5_R30_GFP_24h_1_CCR5_R30_ON_S709_pear.fastq.assembled.fastqwtf-difflib_indels.csv,CCR5_R30_GFP_24h_1,1,CCR5-R30 ON,24,+ + -,1.533448342,1.808647553,96,7145,73038,1120,1321
NP_181003_CCR5_R30_GFP_24h_2_CCR5_R30_ON_S710_pear.fastq.assembled.fastqwtf-difflib_indels.csv,CCR5_R30_GFP_24h_2,1,CCR5-R30 ON,24,+ + -,1.324798906,1.61160125,119,7854,105299,1395,1697
NP_181003_CCR5_R30_GFP_24h_3_CCR5_R30_ON_S711_pear.fastq.assembled.fastqwtf-difflib_indels.csv,CCR5_R30_GFP_24h_3,1,CCR5-R30 ON,24,+ + -,1.678321678,1.967243283,121,6839,108680,1824,2138
NP_181003_CCR5_R30_GFP_48h_1_CCR5_R30_ON_S718_pear.fastq.assembled.fastqwtf-difflib_indels.csv,CCR5_R30_GFP_48h_1,1,CCR5-R30 ON,48,+ + -,8.561002994,8.897829341,23,10043,10688,915,951
NP_181003_CCR5_R30_GFP_48h_2_CCR5_R30_ON_S719_pear.fastq.assembled.fastqwtf-difflib_indels.csv,CCR5_R30_GFP_48h_2,1,CCR5-R30 ON,48,+ + -,10.23278769,10.45488196,16,7522,12157,1244,1271
NP_181003_CCR5_R30_GFP_48h_3_CCR5_R30_ON_S720_pear.fastq.assembled.fastqwtf-difflib_indels.csv,CCR5_R30_GFP_48h_3,1,CCR5-R30 ON,48,+ + -,13.70594657,14.0028433,148,13218,127317,17450,17828
NP_181003_CCR5_R30_GFP_72h_1_CCR5_R30_ON_S727_pear.fastq.assembled.fastqwtf-difflib_indels.csv,CCR5_R30_GFP_72h_1,1,CCR5-R30 ON,72,+ + -,12.44358672,12.73067264,237,9471,166849,20762,21241
NP_181003_CCR5_R30_GFP_72h_2_CCR5_R30_ON_S728_pear.fastq.assembled.fastqwtf-difflib_indels.csv,CCR5_R30_GFP_72h_2,1,CCR5-R30 ON,72,+ + -,16.63001569,16.91222823,193,11005,136422,22687,23072
NP_181003_CCR5_R30_d3_24h_1_CCR5_R30_ON_S712_pear.fastq.assembled.fastqwtf-difflib_indels.csv,CCR5_R30_d3_24h_1,1,CCR5-R30 ON,24,+ + +,5.149950458,5.452128478,186,13687,162487,8368,8859
NP_181003_CCR5_R30_d3_24h_2_CCR5_R30_ON_S713_pear.fastq.assembled.fastqwtf-difflib_indels.csv,CCR5_R30_d3_24h_2,1,CCR5-R30 ON,24,+ + +,4.797910902,5.113614218,32,6437,25657,1231,1312
NP_181003_CCR5_R30_d3_24h_3_CCR5_R30_ON_S714_pear.fastq.assembled.fastqwtf-difflib_indels.csv,CCR5_R30_d3_24h_3,1,CCR5-R30 ON,24,+ + +,5.7618518,6.055192548,221,10406,143860,8289,8711
NP_181003_CCR5_R30_d3_48h_1_CCR5_R30_ON_S721_pear.fastq.assembled.fastqwtf-difflib_indels.csv,CCR5_R30_d3_48h_1,1,CCR5-R30 ON,48,+ + +,9.384463823,9.705549677,38,2127,27407,2572,2660
NP_181003_CCR5_R30_d3_48h_2_CCR5_R30_ON_S722_pear.fastq.assembled.fastqwtf-difflib_indels.csv,CCR5_R30_d3_48h_2,1,CCR5-R30 ON,48,+ + +,10.6322743,10.95018506,209,7942,149413,15886,16361
NP_181003_CCR5_R30_d3_48h_3_CCR5_R30_ON_S723_pear.fastq.assembled.fastqwtf-difflib_indels.csv,CCR5_R30_d3_48h_3,1,CCR5-R30 ON,48,+ + +,8.886012335,9.185512323,58,3935,39399,3501,3619
NP_181003_CCR5_R30_d3_72h_1_CCR5_R30_ON_S729_pear.fastq.assembled.fastqwtf-difflib_indels.csv,CCR5_R30_d3_72h_1,1,CCR5-R30 ON,72,+ + +,11.65758995,11.97025968,214,8238,136246,15883,16309
NP_181003_CCR5_R30_d3_72h_2_CCR5_R30_ON_S730_pear.fastq.assembled.fastqwtf-difflib_indels.csv,CCR5_R30_d3_72h_2,1,CCR5-R30 ON,72,+ + +,11.34909058,11.64230643,200,6486,134372,15250,15644
NP_181003_CCR5_R30_d3_72h_3_CCR5_R30_ON_S731_pear.fastq.assembled.fastqwtf-difflib_indels.csv,CCR5_R30_d3_72h_3,1,CCR5-R30 ON,72,+ + +,11.22777345,11.47772855,210,4454,133624,15003,15337
NP_181003_NT_24h_1_CCR5_R30_ON_S715_pear.fastq.assembled.fastqwtf-difflib_indels.csv,NT_24h_1,1,CCR5-R30 ON,24,- - -,0.006706377,0.299348262,180,8632,164023,11,491
NP_181003_NT_24h_2_CCR5_R30_ON_S716_pear.fastq.assembled.fastqwtf-difflib_indels.csv,NT_24h_2,1,CCR5-R30 ON,24,- - -,0.016397923,0.340712399,67,7306,54885,9,187
NP_181003_NT_24h_3_CCR5_R30_ON_S717_pear.fastq.assembled.fastqwtf-difflib_indels.csv,NT_24h_3,1,CCR5-R30 ON,24,- - -,0.016837662,0.29634286,124,9861,89086,15,264
NP_181003_NT_48h_1_CCR5_R30_ON_S724_pear.fastq.assembled.fastqwtf-difflib_indels.csv,NT_48h_1,1,CCR5-R30 ON,48,- - -,0.014711074,0.3258503,177,7427,135952,20,443
NP_181003_NT_48h_2_CCR5_R30_ON_S725_pear.fastq.assembled.fastqwtf-difflib_indels.csv,NT_48h_2,1,CCR5-R30 ON,48,- - -,0.00757748,0.347722125,177,5592,118773,9,413
NP_181003_NT_48h_3_CCR5_R30_ON_S726_pear.fastq.assembled.fastqwtf-difflib_indels.csv,NT_48h_3,1,CCR5-R30 ON,48,- - -,0.036193259,0.365222885,217,9155,151962,55,555
NP_181003_NT_72h_1_CCR5_R30_ON_S732_pear.fastq.assembled.fastqwtf-difflib_indels.csv,NT_72h_1,1,CCR5-R30 ON,72,- - -,0.009093045,0.340231418,190,5653,131969,12,449
NP_181003_NT_72h_2_CCR5_R30_ON_S733_pear.fastq.assembled.fastqwtf-difflib_indels.csv,NT_72h_2,1,CCR5-R30 ON,72,- - -,0.007385524,0.325578533,211,7205,162480,12,529
NP_181003_NT_72h_3_CCR5_R30_ON_S734_pear.fastq.assembled.fastqwtf-difflib_indels.csv,NT_72h_3,1,CCR5-R30 ON,72,- - -,0.007485964,0.338531919,155,6419,120225,9,407
NP_181003_CCR5_R30_GFP_24h_1_CCR2_OT_S735_pear.fastq.assembled.fastqwtf-difflib_indels.csv,CCR5_R30_GFP_24h_1,1,CCR5-R30 OT-CCR2,24,+ + -,0.232000816,0.242198654,4,2507,78448,182,190
NP_181003_CCR5_R30_GFP_24h_2_CCR2_OT_S736_pear.fastq.assembled.fastqwtf-difflib_indels.csv,CCR5_R30_GFP_24h_2,1,CCR5-R30 OT-CCR2,24,+ + -,0.069490195,0.07625872,12,11452,221614,154,169
NP_181003_CCR5_R30_GFP_24h_3_CCR2_OT_S737_pear.fastq.assembled.fastqwtf-difflib_indels.csv,CCR5_R30_GFP_24h_3,1,CCR5-R30 OT-CCR2,24,+ + -,0.119617225,0.129410448,10,7068,142956,171,185
NP_181003_CCR5_R30_GFP_48h_1_CCR2_OT_S744_pear.fastq.assembled.fastqwtf-difflib_indels.csv,CCR5_R30_GFP_48h_1,1,CCR5-R30 OT-CCR2,48,+ + -,0.97709058,0.981931085,8,6067,144613,1413,1420
NP_181003_CCR5_R30_GFP_48h_2_CCR2_OT_S745_pear.fastq.assembled.fastqwtf-difflib_indels.csv,CCR5_R30_GFP_48h_2,1,CCR5-R30 OT-CCR2,48,+ + -,0.985103316,0.992444872,15,7011,149832,1476,1487
NP_181003_CCR5_R30_GFP_48h_3_CCR2_OT_S746_pear.fastq.assembled.fastqwtf-difflib_indels.csv,CCR5_R30_GFP_48h_3,1,CCR5-R30 OT-CCR2,48,+ + -,1.436385178,1.445311866,17,3989,123226,1770,1781
NP_181003_CCR5_R30_GFP_72h_1_CCR2_OT_S753_pear.fastq.assembled.fastqwtf-difflib_indels.csv,CCR5_R30_GFP_72h_1,1,CCR5-R30 OT-CCR2,72,+ + -,1.704744654,1.720813369,14,6636,136912,2334,2356
NP_181003_CCR5_R30_GFP_72h_2_CCR2_OT_S754_pear.fastq.assembled.fastqwtf-difflib_indels.csv,CCR5_R30_GFP_72h_2,1,CCR5-R30 OT-CCR2,72,+ + -,2.100691182,2.106955668,6,3920,95778,2012,2018
NP_181003_CCR5_R30_d3_24h_1_CCR2_OT_S738_pear.fastq.assembled.fastqwtf-difflib_indels.csv,CCR5_R30_d3_24h_1,1,CCR5-R30 OT-CCR2,24,+ + +,0.018309101,0.026925148,5,4012,92850,17,25
NP_181003_CCR5_R30_d3_24h_2_CCR2_OT_S739_pear.fastq.assembled.fastqwtf-difflib_indels.csv,CCR5_R30_d3_24h_2,1,CCR5-R30 OT-CCR2,24,+ + +,0.02608242,0.039123631,5,1696,46008,12,18
NP_181003_CCR5_R30_d3_24h_3_CCR2_OT_S740_pear.fastq.assembled.fastqwtf-difflib_indels.csv,CCR5_R30_d3_24h_3,1,CCR5-R30 OT-CCR2,24,+ + +,0.001756219,0.007024877,5,4676,113881,2,8
NP_181003_CCR5_R30_d3_48h_1_CCR2_OT_S747_pear.fastq.assembled.fastqwtf-difflib_indels.csv,CCR5_R30_d3_48h_1,1,CCR5-R30 OT-CCR2,48,+ + +,0.049740758,0.050583822,7,3864,118615,59,60
NP_181003_CCR5_R30_d3_48h_2_CCR2_OT_S748_pear.fastq.assembled.fastqwtf-difflib_indels.csv,CCR5_R30_d3_48h_2,1,CCR5-R30 OT-CCR2,48,+ + +,0.057744541,0.065586392,13,5098,140273,81,92
NP_181003_CCR5_R30_d3_48h_3_CCR2_OT_S749_pear.fastq.assembled.fastqwtf-difflib_indels.csv,CCR5_R30_d3_48h_3,1,CCR5-R30 OT-CCR2,48,+ + +,0.042208153,0.044429635,5,3331,90030,38,40
NP_181003_CCR5_R30_d3_72h_1_CCR2_OT_S755_pear.fastq.assembled.fastqwtf-difflib_indels.csv,CCR5_R30_d3_72h_1,1,CCR5-R30 OT-CCR2,72,+ + +,0.138932207,0.143185233,4,2341,70538,98,101
NP_181003_CCR5_R30_d3_72h_2_CCR2_OT_S756_pear.fastq.assembled.fastqwtf-difflib_indels.csv,CCR5_R30_d3_72h_2,1,CCR5-R30 OT-CCR2,72,+ + +,0.104936725,0.111201604,6,2810,63848,67,71
NP_181003_CCR5_R30_d3_72h_3_CCR2_OT_S757_pear.fastq.assembled.fastqwtf-difflib_indels.csv,CCR5_R30_d3_72h_3,1,CCR5-R30 OT-CCR2,72,+ + +,0.050667117,0.055492557,6,3067,82894,42,46
NP_181003_NT_24h_1_CCR2_OT_S741_pear.fastq.assembled.fastqwtf-difflib_indels.csv,NT_24h_1,1,CCR5-R30 OT-CCR2,24,- - -,0.000682119,0.008185427,10,5455,146602,1,12
NP_181003_NT_24h_2_CCR2_OT_S742_pear.fastq.assembled.fastqwtf-difflib_indels.csv,NT_24h_2,1,CCR5-R30 OT-CCR2,24,- - -,0.002517924,0.006924292,10,6222,158861,4,11
NP_181003_NT_24h_3_CCR2_OT_S743_pear.fastq.assembled.fastqwtf-difflib_indels.csv,NT_24h_3,1,CCR5-R30 OT-CCR2,24,- - -,0.001379796,0.003449489,14,5120,144949,2,5
NP_181003_NT_48h_1_CCR2_OT_S750_pear.fastq.assembled.fastqwtf-difflib_indels.csv,NT_48h_1,1,CCR5-R30 OT-CCR2,48,- - -,0,0.005427762,8,3729,92119,0,5
NP_181003_NT_48h_2_CCR2_OT_S751_pear.fastq.assembled.fastqwtf-difflib_indels.csv,NT_48h_2,1,CCR5-R30 OT-CCR2,48,- - -,0,0.003915457,10,4399,127699,0,5
NP_181003_NT_48h_3_CCR2_OT_S752_pear.fastq.assembled.fastqwtf-difflib_indels.csv,NT_48h_3,1,CCR5-R30 OT-CCR2,48,- - -,0.003929582,0.013360578,9,5772,127240,5,17
NP_181003_NT_72h_1_CCR2_OT_S758_pear.fastq.assembled.fastqwtf-difflib_indels.csv,NT_72h_1,1,CCR5-R30 OT-CCR2,72,- - -,0,0.006662225,7,3716,90060,0,6
NP_181003_NT_72h_2_CCR2_OT_S759_pear.fastq.assembled.fastqwtf-difflib_indels.csv,NT_72h_2,1,CCR5-R30 OT-CCR2,72,- - -,0.001473731,0.001473731,5,2323,67855,1,1
NP_181003_NT_72h_3_CCR2_OT_S760_pear.fastq.assembled.fastqwtf-difflib_indels.csv,NT_72h_3,1,CCR5-R30 OT-CCR2,72,- - -,0.003221719,0.010202109,18,11119,186236,6,19
NP_181003_F2_GFP_24h_1_FANCFg2_ON_S485_pear.fastq.assembled.fastqwtf-difflib_indels.csv,F2_GFP_24h_1,2,FANCFg2 ON,24,+ + -,24.95371919,24.95817999,25,4372,89670,22376,22380
NP_181003_F2_GFP_24h_2_FANCFg2_ON_S486_pear.fastq.assembled.fastqwtf-difflib_indels.csv,F2_GFP_24h_2,2,FANCFg2 ON,24,+ + -,21.9896266,21.99951649,17,4361,91002,20011,20020
NP_181003_F2_GFP_24h_3_FANCFg2_ON_S487_pear.fastq.assembled.fastqwtf-difflib_indels.csv,F2_GFP_24h_3,2,FANCFg2 ON,24,+ + -,17.15343804,17.15606451,17,3436,76148,13062,13064
NP_181003_F2_GFP_48h_1_FANCFg2_ON_S494_pear.fastq.assembled.fastqwtf-difflib_indels.csv,F2_GFP_48h_1,2,FANCFg2 ON,48,+ + -,41.70838147,41.7436786,17,4740,93492,38994,39027
NP_181003_F2_GFP_48h_2_FANCFg2_ON_S495_pear.fastq.assembled.fastqwtf-difflib_indels.csv,F2_GFP_48h_2,2,FANCFg2 ON,48,+ + -,46.30930613,46.33144067,36,5770,103910,48120,48143
NP_181003_F2_GFP_48h_3_FANCFg2_ON_S496_pear.fastq.assembled.fastqwtf-difflib_indels.csv,F2_GFP_48h_3,2,FANCFg2 ON,48,+ + -,45.16702457,45.19102888,52,12026,154139,69620,69657
NP_181003_F2_GFP_72h_1_FANCFg2_ON_S503_pear.fastq.assembled.fastqwtf-difflib_indels.csv,F2_GFP_72h_1,2,FANCFg2 ON,72,+ + -,35.88727368,35.89604844,23,5237,68378,24539,24545
NP_181003_F2_GFP_72h_2_FANCFg2_ON_S504_pear.fastq.assembled.fastqwtf-difflib_indels.csv,F2_GFP_72h_2,2,FANCFg2 ON,72,+ + -,38.06552798,38.07239674,25,6827,87352,33251,33257
NP_181003_F2_GFP_72h_3_FANCFg2_ON_S505_pear.fastq.assembled.fastqwtf-difflib_indels.csv,F2_GFP_72h_3,2,FANCFg2 ON,72,+ + -,40.69466045,40.69466045,0,266,1929,785,785
NP_181003_F2_d1_24h_1_FANCFg2_ON_S488_pear.fastq.assembled.fastqwtf-difflib_indels.csv,F2_d1_24h_1,2,FANCFg2 ON,24,+ + +,8.035714286,8.035714286,2,1121,8624,693,693
NP_181003_F2_d1_24h_2_FANCFg2_ON_S489_pear.fastq.assembled.fastqwtf-difflib_indels.csv,F2_d1_24h_2,2,FANCFg2 ON,24,+ + +,6.532227186,6.532227186,10,3671,39175,2559,2559
NP_181003_F2_d1_24h_3_FANCFg2_ON_S490_pear.fastq.assembled.fastqwtf-difflib_indels.csv,F2_d1_24h_3,2,FANCFg2 ON,24,+ + +,7.116745481,7.118981342,9,4064,89451,6366,6368
NP_181003_F2_d1_48h_1_FANCFg2_ON_S497_pear.fastq.assembled.fastqwtf-difflib_indels.csv,F2_d1_48h_1,2,FANCFg2 ON,48,+ + +,24.02760151,24.03613366,19,5936,93763,22529,22537
NP_181003_F2_d1_48h_2_FANCFg2_ON_S498_pear.fastq.assembled.fastqwtf-difflib_indels.csv,F2_d1_48h_2,2,FANCFg2 ON,48,+ + +,24.51207104,24.58260105,15,4463,86488,21200,21261
NP_181003_F2_d1_48h_3_FANCFg2_ON_S499_pear.fastq.assembled.fastqwtf-difflib_indels.csv,F2_d1_48h_3,2,FANCFg2 ON,48,+ + +,21.74880984,21.75278531,32,6141,100617,21883,21887
NP_181003_F2_d1_72h_1_FANCFg2_ON_S506_pear.fastq.assembled.fastqwtf-difflib_indels.csv,F2_d1_72h_1,2,FANCFg2 ON,72,+ + +,31.74267167,31.74468771,17,6574,99204,31490,31492
NP_181003_F2_d1_72h_2_FANCFg2_ON_S507_pear.fastq.assembled.fastqwtf-difflib_indels.csv,F2_d1_72h_2,2,FANCFg2 ON,72,+ + +,36.65906121,36.70447245,17,6576,90286,33098,33139
NP_181003_F2_d1_72h_3_FANCFg2_ON_S508_pear.fastq.assembled.fastqwtf-difflib_indels.csv,F2_d1_72h_3,2,FANCFg2 ON,72,+ + +,28.84273131,28.90806281,11,2393,44389,12803,12832
NP_181003_NT_24h_1_FANCFg2_ON_S491_pear.fastq.assembled.fastqwtf-difflib_indels.csv,NT_24h_1,2,FANCFg2 ON,24,- - -,0.010139703,0.013519603,12,3793,88760,9,12
NP_181003_NT_24h_2_FANCFg2_ON_S492_pear.fastq.assembled.fastqwtf-difflib_indels.csv,NT_24h_2,2,FANCFg2 ON,24,- - -,0.098576123,0.099793112,16,3555,82170,81,82
NP_181003_NT_24h_3_FANCFg2_ON_S493_pear.fastq.assembled.fastqwtf-difflib_indels.csv,NT_24h_3,2,FANCFg2 ON,24,- - -,0.088790233,0.089900111,9,3815,90100,80,81
NP_181003_NT_48h_1_FANCFg2_ON_S500_pear.fastq.assembled.fastqwtf-difflib_indels.csv,NT_48h_1,2,FANCFg2 ON,48,- - -,0.044598391,0.049058231,12,3025,67267,30,33
NP_181003_NT_48h_2_FANCFg2_ON_S501_pear.fastq.assembled.fastqwtf-difflib_indels.csv,NT_48h_2,2,FANCFg2 ON,48,- - -,0.009868137,0.009868137,14,3773,81069,8,8
NP_181003_NT_48h_3_FANCFg2_ON_S502_pear.fastq.assembled.fastqwtf-difflib_indels.csv,NT_48h_3,2,FANCFg2 ON,48,- - -,0.173483269,0.177227513,11,4091,80123,139,142
NP_181003_NT_72h_1_FANCFg2_ON_S509_pear.fastq.assembled.fastqwtf-difflib_indels.csv,NT_72h_1,2,FANCFg2 ON,72,- - -,0.008221487,0.016442974,6,2051,48653,4,8
NP_181003_NT_72h_2_FANCFg2_ON_S510_pear.fastq.assembled.fastqwtf-difflib_indels.csv,NT_72h_2,2,FANCFg2 ON,72,- - -,0.016460488,0.018992871,16,4078,78977,13,15
NP_181003_NT_72h_3_FANCFg2_ON_S511_pear.fastq.assembled.fastqwtf-difflib_indels.csv,NT_72h_3,2,FANCFg2 ON,72,- - -,0.08362572,0.085443671,8,2536,55007,46,47
NP_181003_F2_GFP_24h_1_FANCFg2_OT1_S515_pear.fastq.assembled.fastqwtf-difflib_indels.csv,F2_GFP_24h_1,2,FANCFg2 OT1,24,+ + -,19.67513795,19.67980104,10,3673,64335,12658,12661
NP_181003_F2_GFP_24h_2_FANCFg2_OT1_S516_pear.fastq.assembled.fastqwtf-difflib_indels.csv,F2_GFP_24h_2,2,FANCFg2 OT1,24,+ + -,18.03973261,18.04726485,10,2868,53105,9580,9584
NP_181003_F2_GFP_24h_3_FANCFg2_OT1_S517_pear.fastq.assembled.fastqwtf-difflib_indels.csv,F2_GFP_24h_3,2,FANCFg2 OT1,24,+ + -,13.5976573,13.62462914,7,1537,25953,3529,3536
NP_181003_F2_GFP_48h_1_FANCFg2_OT1_S524_pear.fastq.assembled.fastqwtf-difflib_indels.csv,F2_GFP_48h_1,2,FANCFg2 OT1,48,+ + -,33.52528995,33.53737113,5,1413,24832,8325,8328
NP_181003_F2_GFP_48h_2_FANCFg2_OT1_S525_pear.fastq.assembled.fastqwtf-difflib_indels.csv,F2_GFP_48h_2,2,FANCFg2 OT1,48,+ + -,39.55431755,39.55431755,0,73,1077,426,426
NP_181003_F2_GFP_48h_3_FANCFg2_OT1_S526_pear.fastq.assembled.fastqwtf-difflib_indels.csv,F2_GFP_48h_3,2,FANCFg2 OT1,48,+ + -,38.6407792,38.64721247,10,4412,77721,30032,30037
NP_181003_F2_GFP_72h_1_FANCFg2_OT1_S533_pear.fastq.assembled.fastqwtf-difflib_indels.csv,F2_GFP_72h_1,2,FANCFg2 OT1,72,+ + -,27.39131863,27.46360858,4,1732,30433,8336,8358
NP_181003_F2_GFP_72h_2_FANCFg2_OT1_S534_pear.fastq.assembled.fastqwtf-difflib_indels.csv,F2_GFP_72h_2,2,FANCFg2 OT1,72,+ + -,30.71870538,30.73012851,11,3212,52525,16135,16141
NP_181003_F2_GFP_72h_3_FANCFg2_OT1_S535_pear.fastq.assembled.fastqwtf-difflib_indels.csv,F2_GFP_72h_3,2,FANCFg2 OT1,72,+ + -,28.45682196,28.50982752,13,4433,69804,19864,19901
NP_181003_F2_d1_24h_1_FANCFg2_OT1_S518_pear.fastq.assembled.fastqwtf-difflib_indels.csv,F2_d1_24h_1,2,FANCFg2 OT1,24,+ + +,0.202180211,0.212601872,8,2979,47977,97,102
NP_181003_F2_d1_24h_2_FANCFg2_OT1_S519_pear.fastq.assembled.fastqwtf-difflib_indels.csv,F2_d1_24h_2,2,FANCFg2 OT1,24,+ + +,0.173321351,0.173321351,3,895,15578,27,27
NP_181003_F2_d1_24h_3_FANCFg2_OT1_S520_pear.fastq.assembled.fastqwtf-difflib_indels.csv,F2_d1_24h_3,2,FANCFg2 OT1,24,+ + +,0.21575717,0.222653518,16,6501,101503,219,226
NP_181003_F2_d1_48h_1_FANCFg2_OT1_S527_pear.fastq.assembled.fastqwtf-difflib_indels.csv,F2_d1_48h_1,2,FANCFg2 OT1,48,+ + +,0.98000784,0.98000784,1,190,2551,25,25
NP_181003_F2_d1_48h_2_FANCFg2_OT1_S528_pear.fastq.assembled.fastqwtf-difflib_indels.csv,F2_d1_48h_2,2,FANCFg2 OT1,48,+ + +,0.790808472,0.805393054,13,3521,61709,488,497
NP_181003_F2_d1_48h_3_FANCFg2_OT1_S529_pear.fastq.assembled.fastqwtf-difflib_indels.csv,F2_d1_48h_3,2,FANCFg2 OT1,48,+ + +,0.444616277,0.444616277,0,391,5173,23,23
NP_181003_F2_d1_72h_1_FANCFg2_OT1_S536_pear.fastq.assembled.fastqwtf-difflib_indels.csv,F2_d1_72h_1,2,FANCFg2 OT1,72,+ + +,1.694957533,1.702440789,11,4532,80179,1359,1365
NP_181003_F2_d1_72h_2_FANCFg2_OT1_S537_pear.fastq.assembled.fastqwtf-difflib_indels.csv,F2_d1_72h_2,2,FANCFg2 OT1,72,+ + +,2.107647609,2.11421349,12,3520,60921,1284,1288
NP_181003_F2_d1_72h_3_FANCFg2_OT1_S538_pear.fastq.assembled.fastqwtf-difflib_indels.csv,F2_d1_72h_3,2,FANCFg2 OT1,72,+ + +,1.940471257,1.941900176,12,3951,69983,1358,1359
NP_181003_NT_24h_1_FANCFg2_OT1_S521_pear.fastq.assembled.fastqwtf-difflib_indels.csv,NT_24h_1,2,FANCFg2 OT1,24,- - -,0,0,0,51,557,0,0
NP_181003_NT_24h_2_FANCFg2_OT1_S522_pear.fastq.assembled.fastqwtf-difflib_indels.csv,NT_24h_2,2,FANCFg2 OT1,24,- - -,0.008727831,0.010473398,7,3056,57288,5,6
NP_181003_NT_24h_3_FANCFg2_OT1_S523_pear.fastq.assembled.fastqwtf-difflib_indels.csv,NT_24h_3,2,FANCFg2 OT1,24,- - -,0.065402224,0.065402224,1,1804,30580,20,20
NP_181003_NT_48h_1_FANCFg2_OT1_S530_pear.fastq.assembled.fastqwtf-difflib_indels.csv,NT_48h_1,2,FANCFg2 OT1,48,- - -,0.010570137,0.013009399,23,8555,122988,13,16
NP_181003_NT_48h_2_FANCFg2_OT1_S531_pear.fastq.assembled.fastqwtf-difflib_indels.csv,NT_48h_2,2,FANCFg2 OT1,48,- - -,0.014119451,0.019498289,37,9789,148731,21,29
NP_181003_NT_48h_3_FANCFg2_OT1_S532_pear.fastq.assembled.fastqwtf-difflib_indels.csv,NT_48h_3,2,FANCFg2 OT1,48,- - -,0.122018467,0.12553823,12,5392,85233,104,107
NP_181003_NT_72h_1_FANCFg2_OT1_S539_pear.fastq.assembled.fastqwtf-difflib_indels.csv,NT_72h_1,2,FANCFg2 OT1,72,- - -,0.009696082,0.016160136,17,5419,92821,9,15
NP_181003_NT_72h_2_FANCFg2_OT1_S540_pear.fastq.assembled.fastqwtf-difflib_indels.csv,NT_72h_2,2,FANCFg2 OT1,72,- - -,0.015968064,0.022355289,12,3636,62625,10,14
NP_181003_NT_72h_3_FANCFg2_OT1_S541_pear.fastq.assembled.fastqwtf-difflib_indels.csv,NT_72h_3,2,FANCFg2 OT1,72,- - -,0.004750594,0.009501188,11,3336,63150,3,6
NP_181003_HBB_R03_GFP_24h_1_HBB_R03_ON_S761_pear.fastq.assembled.fastqwtf-difflib_indels.csv,HBB_R03_GFP_24h_1,3,HBB-R03 ON,24,+ + -,12.4867894,12.56050231,22,6564,112599,14060,14143
NP_181003_HBB_R03_GFP_24h_2_HBB_R03_ON_S762_pear.fastq.assembled.fastqwtf-difflib_indels.csv,HBB_R03_GFP_24h_2,3,HBB-R03 ON,24,+ + -,10.29547317,10.33900041,33,4516,78112,8042,8076
NP_181003_HBB_R03_GFP_24h_3_HBB_R03_ON_S763_pear.fastq.assembled.fastqwtf-difflib_indels.csv,HBB_R03_GFP_24h_3,3,HBB-R03 ON,24,+ + -,11.22762523,11.2629859,23,3496,82012,9208,9237
NP_181003_HBB_R03_GFP_48h_1_HBB_R03_ON_S770_pear.fastq.assembled.fastqwtf-difflib_indels.csv,HBB_R03_GFP_48h_1,3,HBB-R03 ON,48,+ + -,18.85631729,18.94408973,55,7756,128742,24276,24389
NP_181003_HBB_R03_GFP_48h_2_HBB_R03_ON_S771_pear.fastq.assembled.fastqwtf-difflib_indels.csv,HBB_R03_GFP_48h_2,3,HBB-R03 ON,48,+ + -,30.74627849,30.77921223,74,10684,151820,46679,46729
NP_181003_HBB_R03_GFP_48h_3_HBB_R03_ON_S772_pear.fastq.assembled.fastqwtf-difflib_indels.csv,HBB_R03_GFP_48h_3,3,HBB-R03 ON,48,+ + -,26.04798646,26.11630515,67,10504,134663,35077,35169
NP_181003_HBB_R03_GFP_72h_1_HBB_R03_ON_S779_pear.fastq.assembled.fastqwtf-difflib_indels.csv,HBB_R03_GFP_72h_1,3,HBB-R03 ON,72,+ + -,18.91368445,18.94740899,74,5903,103782,19629,19664
NP_181003_HBB_R03_GFP_72h_2_HBB_R03_ON_S780_pear.fastq.assembled.fastqwtf-difflib_indels.csv,HBB_R03_GFP_72h_2,3,HBB-R03 ON,72,+ + -,21.18621402,21.2138819,66,6670,108429,22972,23002
NP_181003_HBB_R03_GFP_72h_3_HBB_R03_ON_S781_pear.fastq.assembled.fastqwtf-difflib_indels.csv,HBB_R03_GFP_72h_3,3,HBB-R03 ON,72,+ + -,19.2613723,19.35017986,76,6752,111477,21472,21571
NP_181003_HBB_R03_d4_24h_1_HBB_R03_ON_S764_pear.fastq.assembled.fastqwtf-difflib_indels.csv,HBB_R03_d4_24h_1,3,HBB-R03 ON,24,+ + +,16.40938922,16.43435197,22,6743,124185,20378,20409
NP_181003_HBB_R03_d4_24h_2_HBB_R03_ON_S765_pear.fastq.assembled.fastqwtf-difflib_indels.csv,HBB_R03_d4_24h_2,3,HBB-R03 ON,24,+ + +,15.3405338,15.36937289,45,5522,107493,16490,16521
NP_181003_HBB_R03_d4_24h_3_HBB_R03_ON_S766_pear.fastq.assembled.fastqwtf-difflib_indels.csv,HBB_R03_d4_24h_3,3,HBB-R03 ON,24,+ + +,15.63949878,15.66568029,85,9413,164238,25686,25729
NP_181003_HBB_R03_d4_48h_1_HBB_R03_ON_S773_pear.fastq.assembled.fastqwtf-difflib_indels.csv,HBB_R03_d4_48h_1,3,HBB-R03 ON,48,+ + +,28.29879044,28.33377761,48,7695,120044,33971,34013
NP_181003_HBB_R03_d4_48h_2_HBB_R03_ON_S774_pear.fastq.assembled.fastqwtf-difflib_indels.csv,HBB_R03_d4_48h_2,3,HBB-R03 ON,48,+ + +,26.9104338,26.9702638,94,10970,145412,39131,39218
NP_181003_HBB_R03_d4_48h_3_HBB_R03_ON_S775_pear.fastq.assembled.fastqwtf-difflib_indels.csv,HBB_R03_d4_48h_3,3,HBB-R03 ON,48,+ + +,27.76992236,27.83928714,11,4311,37483,10409,10435
NP_181003_HBB_R03_d4_72h_1_HBB_R03_ON_S782_pear.fastq.assembled.fastqwtf-difflib_indels.csv,HBB_R03_d4_72h_1,3,HBB-R03 ON,72,+ + +,21.03586255,21.0555415,69,5879,106713,22448,22469
NP_181003_HBB_R03_d4_72h_2_HBB_R03_ON_S783_pear.fastq.assembled.fastqwtf-difflib_indels.csv,HBB_R03_d4_72h_2,3,HBB-R03 ON,72,+ + +,18.7529225,18.78119597,54,5018,91959,17245,17271
NP_181003_HBB_R03_d4_72h_3_HBB_R03_ON_S784_pear.fastq.assembled.fastqwtf-difflib_indels.csv,HBB_R03_d4_72h_3,3,HBB-R03 ON,72,+ + +,19.19093622,19.28471166,41,10772,169554,32539,32698
NP_181003_NT_24h_1_HBB_R03_ON_S767_pear.fastq.assembled.fastqwtf-difflib_indels.csv,NT_24h_1,3,HBB-R03 ON,24,- - -,0.067948479,0.092589136,30,6426,133925,91,124
NP_181003_NT_24h_2_HBB_R03_ON_S768_pear.fastq.assembled.fastqwtf-difflib_indels.csv,NT_24h_2,3,HBB-R03 ON,24,- - -,0.070412492,0.08823844,11,5159,112196,79,99
NP_181003_NT_24h_3_HBB_R03_ON_S769_pear.fastq.assembled.fastqwtf-difflib_indels.csv,NT_24h_3,3,HBB-R03 ON,24,- - -,0.144192522,0.15910899,8,2363,20112,29,32
NP_181003_NT_48h_1_HBB_R03_ON_S776_pear.fastq.assembled.fastqwtf-difflib_indels.csv,NT_48h_1,3,HBB-R03 ON,48,- - -,0.12760193,0.153606115,25,10185,165358,211,254
NP_181003_NT_48h_2_HBB_R03_ON_S777_pear.fastq.assembled.fastqwtf-difflib_indels.csv,NT_48h_2,3,HBB-R03 ON,48,- - -,0.089469867,0.120548874,26,5685,106181,95,128
NP_181003_NT_48h_3_HBB_R03_ON_S778_pear.fastq.assembled.fastqwtf-difflib_indels.csv,NT_48h_3,3,HBB-R03 ON,48,- - -,0.1234101,0.149286411,48,5564,100478,124,150
NP_181003_NT_72h_1_HBB_R03_ON_S785_pear.fastq.assembled.fastqwtf-difflib_indels.csv,NT_72h_1,3,HBB-R03 ON,72,- - -,0.083959051,0.114489615,26,5371,104813,88,120
NP_181003_NT_72h_2_HBB_R03_ON_S786_pear.fastq.assembled.fastqwtf-difflib_indels.csv,NT_72h_2,3,HBB-R03 ON,72,- - -,0.088394202,0.120865542,37,6172,110867,98,134
NP_181003_NT_72h_3_HBB_R03_ON_S787_pear.fastq.assembled.fastqwtf-difflib_indels.csv,NT_72h_3,3,HBB-R03 ON,72,- - -,0.079885604,0.095862725,29,6060,125179,100,120
NP_181003_HBB_R03_GFP_24h_1_HBD_OT_S788_pear.fastq.assembled.fastqwtf-difflib_indels.csv,HBB_R03_GFP_24h_1,3,HBB-R03 OT-HBD,24,+ + -,4.697353687,4.706194377,2,1317,33934,1594,1597
NP_181003_HBB_R03_GFP_24h_2_HBD_OT_S789_pear.fastq.assembled.fastqwtf-difflib_indels.csv,HBB_R03_GFP_24h_2,3,HBB-R03 OT-HBD,24,+ + -,3.043276531,3.045385524,3,1762,47416,1443,1444
NP_181003_HBB_R03_GFP_24h_3_HBD_OT_S790_pear.fastq.assembled.fastqwtf-difflib_indels.csv,HBB_R03_GFP_24h_3,3,HBB-R03 OT-HBD,24,+ + -,2.328217005,2.338071891,6,2886,81178,1890,1898
NP_181003_HBB_R03_GFP_48h_1_HBD_OT_S797_pear.fastq.assembled.fastqwtf-difflib_indels.csv,HBB_R03_GFP_48h_1,3,HBB-R03 OT-HBD,48,+ + -,7.452653861,7.463913347,9,3493,88814,6619,6629
NP_181003_HBB_R03_GFP_48h_2_HBD_OT_S798_pear.fastq.assembled.fastqwtf-difflib_indels.csv,HBB_R03_GFP_48h_2,3,HBB-R03 OT-HBD,48,+ + -,15.06550956,15.08408185,6,2322,59228,8923,8934
NP_181003_HBB_R03_GFP_48h_3_HBD_OT_S799_pear.fastq.assembled.fastqwtf-difflib_indels.csv,HBB_R03_GFP_48h_3,3,HBB-R03 OT-HBD,48,+ + -,11.67939615,11.72643179,10,3545,89294,10429,10471
NP_181003_HBB_R03_GFP_72h_1_HBD_OT_S806_pear.fastq.assembled.fastqwtf-difflib_indels.csv,HBB_R03_GFP_72h_1,3,HBB-R03 OT-HBD,72,+ + -,10.15983629,10.16260163,8,1462,36162,3674,3675
NP_181003_HBB_R03_GFP_72h_2_HBD_OT_S807_pear.fastq.assembled.fastqwtf-difflib_indels.csv,HBB_R03_GFP_72h_2,3,HBB-R03 OT-HBD,72,+ + -,12.64801717,12.65993801,6,967,25166,3183,3186
NP_181003_HBB_R03_GFP_72h_3_HBD_OT_S808_pear.fastq.assembled.fastqwtf-difflib_indels.csv,HBB_R03_GFP_72h_3,3,HBB-R03 OT-HBD,72,+ + -,2.856722132,2.856722132,2,454,6791,194,194
NP_181003_HBB_R03_d4_24h_1_HBD_OT_S791_pear.fastq.assembled.fastqwtf-difflib_indels.csv,HBB_R03_d4_24h_1,3,HBB-R03 OT-HBD,24,+ + +,0.435706277,0.443574562,7,3591,101674,443,451
NP_181003_HBB_R03_d4_24h_2_HBD_OT_S792_pear.fastq.assembled.fastqwtf-difflib_indels.csv,HBB_R03_d4_24h_2,3,HBB-R03 OT-HBD,24,+ + +,0.437404108,0.443460472,8,5104,148604,650,659
NP_181003_HBB_R03_d4_24h_3_HBD_OT_S793_pear.fastq.assembled.fastqwtf-difflib_indels.csv,HBB_R03_d4_24h_3,3,HBB-R03 OT-HBD,24,+ + +,0.503827079,0.510993894,10,6286,139532,703,713
NP_181003_HBB_R03_d4_48h_1_HBD_OT_S800_pear.fastq.assembled.fastqwtf-difflib_indels.csv,HBB_R03_d4_48h_1,3,HBB-R03 OT-HBD,48,+ + +,2.069295417,2.080841904,8,4366,121249,2509,2523
NP_181003_HBB_R03_d4_48h_2_HBD_OT_S801_pear.fastq.assembled.fastqwtf-difflib_indels.csv,HBB_R03_d4_48h_2,3,HBB-R03 OT-HBD,48,+ + +,2.124197868,2.128240109,12,4127,98955,2102,2106
NP_181003_HBB_R03_d4_48h_3_HBD_OT_S802_pear.fastq.assembled.fastqwtf-difflib_indels.csv,HBB_R03_d4_48h_3,3,HBB-R03 OT-HBD,48,+ + +,2.297272431,2.305765121,4,2512,70649,1623,1629
NP_181003_HBB_R03_d4_72h_1_HBD_OT_S809_pear.fastq.assembled.fastqwtf-difflib_indels.csv,HBB_R03_d4_72h_1,3,HBB-R03 OT-HBD,72,+ + +,1.760821717,1.760821717,0,83,1363,24,24
NP_181003_HBB_R03_d4_72h_2_HBD_OT_S810_pear.fastq.assembled.fastqwtf-difflib_indels.csv,HBB_R03_d4_72h_2,3,HBB-R03 OT-HBD,72,+ + +,2.153104161,2.165407613,6,1318,40639,875,880
NP_181003_HBB_R03_d4_72h_3_HBD_OT_S811_pear.fastq.assembled.fastqwtf-difflib_indels.csv,HBB_R03_d4_72h_3,3,HBB-R03 OT-HBD,72,+ + +,2.261880058,2.26780897,4,1017,33733,763,765
NP_181003_NT_24h_1_HBD_OT_S794_pear.fastq.assembled.fastqwtf-difflib_indels.csv,NT_24h_1,3,HBB-R03 OT-HBD,24,- - -,0.094288428,0.100393434,12,5474,147420,139,148
NP_181003_NT_24h_2_HBD_OT_S795_pear.fastq.assembled.fastqwtf-difflib_indels.csv,NT_24h_2,3,HBB-R03 OT-HBD,24,- - -,0.080321285,0.091422601,17,5450,153135,123,140
NP_181003_NT_24h_3_HBD_OT_S796_pear.fastq.assembled.fastqwtf-difflib_indels.csv,NT_24h_3,3,HBB-R03 OT-HBD,24,- - -,0.085001214,0.090001286,12,5016,139998,119,126
NP_181003_NT_48h_1_HBD_OT_S803_pear.fastq.assembled.fastqwtf-difflib_indels.csv,NT_48h_1,3,HBB-R03 OT-HBD,48,- - -,0.102094241,0.109947644,8,2952,76400,78,84
NP_181003_NT_48h_2_HBD_OT_S804_pear.fastq.assembled.fastqwtf-difflib_indels.csv,NT_48h_2,3,HBB-R03 OT-HBD,48,- - -,0.076131924,0.080441278,4,2551,69616,53,56
NP_181003_NT_48h_3_HBD_OT_S805_pear.fastq.assembled.fastqwtf-difflib_indels.csv,NT_48h_3,3,HBB-R03 OT-HBD,48,- - -,0.121177333,0.125960649,6,2172,62718,76,79
NP_181003_NT_72h_1_HBD_OT_S812_pear.fastq.assembled.fastqwtf-difflib_indels.csv,NT_72h_1,3,HBB-R03 OT-HBD,72,- - -,0.111815132,0.111815132,0,180,2683,3,3
NP_181003_NT_72h_2_HBD_OT_S813_pear.fastq.assembled.fastqwtf-difflib_indels.csv,NT_72h_2,3,HBB-R03 OT-HBD,72,- - -,0.081900082,0.081900082,0,69,1221,1,1
NP_181003_NT_72h_3_HBD_OT_S814_pear.fastq.assembled.fastqwtf-difflib_indels.csv,NT_72h_3,3,HBB-R03 OT-HBD,72,- - -,0.768208007,0.782981238,3,1912,6769,52,53
NP_181003_V2_GFP_24h_1_VEGFAg2_ON_S603_pear.fastq.assembled.fastqwtf-difflib_indels.csv,V2_GFP_24h_1,4,VEGFAg2 ON,24,+ + -,3.113311481,3.128272785,19,15222,73523,2289,2300
NP_181003_V2_GFP_24h_2_VEGFAg2_ON_S604_pear.fastq.assembled.fastqwtf-difflib_indels.csv,V2_GFP_24h_2,4,VEGFAg2 ON,24,+ + -,2.18385025,2.196420817,30,17737,87506,1911,1922
NP_181003_V2_GFP_24h_3_VEGFAg2_ON_S605_pear.fastq.assembled.fastqwtf-difflib_indels.csv,V2_GFP_24h_3,4,VEGFAg2 ON,24,+ + -,1.599665741,1.617572448,13,4252,33507,536,542
NP_181003_V2_GFP_48h_1_VEGFAg2_ON_S612_pear.fastq.assembled.fastqwtf-difflib_indels.csv,V2_GFP_48h_1,4,VEGFAg2 ON,48,+ + -,3.852360873,3.883596231,6,3013,19209,740,746
NP_181003_V2_GFP_48h_2_VEGFAg2_ON_S613_pear.fastq.assembled.fastqwtf-difflib_indels.csv,V2_GFP_48h_2,4,VEGFAg2 ON,48,+ + -,4.030422805,4.046392782,78,30433,100188,4038,4054
NP_181003_V2_GFP_48h_3_VEGFAg2_ON_S614_pear.fastq.assembled.fastqwtf-difflib_indels.csv,V2_GFP_48h_3,4,VEGFAg2 ON,48,+ + -,7.513103364,7.529863481,50,22611,65632,4931,4942
NP_181003_V2_GFP_72h_1_VEGFAg2_ON_S621_pear.fastq.assembled.fastqwtf-difflib_indels.csv,V2_GFP_72h_1,4,VEGFAg2 ON,72,+ + -,4.969347277,4.969347277,6,4027,13865,689,689
NP_181003_V2_GFP_72h_2_VEGFAg2_ON_S622_pear.fastq.assembled.fastqwtf-difflib_indels.csv,V2_GFP_72h_2,4,VEGFAg2 ON,72,+ + -,6.67178107,6.701964434,9,23823,79514,5305,5329
NP_181003_V2_GFP_72h_3_VEGFAg2_ON_S623_pear.fastq.assembled.fastqwtf-difflib_indels.csv,V2_GFP_72h_3,4,VEGFAg2 ON,72,+ + -,5.913366966,5.929424989,43,28376,74729,4419,4431
NP_181003_V2_d8_24h_1_VEGFAg2_ON_S606_pear.fastq.assembled.fastqwtf-difflib_indels.csv,V2_d8_24h_1,4,VEGFAg2 ON,24,+ + +,10.78161989,10.79430166,15,12350,47312,5101,5107
NP_181003_V2_d8_24h_2_VEGFAg2_ON_S607_pear.fastq.assembled.fastqwtf-difflib_indels.csv,V2_d8_24h_2,4,VEGFAg2 ON,24,+ + +,11.59235379,11.60602401,48,32608,87782,10176,10188
NP_181003_V2_d8_24h_3_VEGFAg2_ON_S608_pear.fastq.assembled.fastqwtf-difflib_indels.csv,V2_d8_24h_3,4,VEGFAg2 ON,24,+ + +,10.95237293,10.98269791,76,45805,118714,13002,13038
NP_181003_V2_d8_48h_1_VEGFAg2_ON_S615_pear.fastq.assembled.fastqwtf-difflib_indels.csv,V2_d8_48h_1,4,VEGFAg2 ON,48,+ + +,24.33908629,24.42436548,40,25505,49250,11987,12029
NP_181003_V2_d8_48h_2_VEGFAg2_ON_S616_pear.fastq.assembled.fastqwtf-difflib_indels.csv,V2_d8_48h_2,4,VEGFAg2 ON,48,+ + +,22.80014722,22.90688259,34,70506,135850,30974,31119
NP_181003_V2_d8_48h_3_VEGFAg2_ON_S617_pear.fastq.assembled.fastqwtf-difflib_indels.csv,V2_d8_48h_3,4,VEGFAg2 ON,48,+ + +,20.50282474,20.52367154,32,20828,47969,9835,9845
NP_181003_V2_d8_72h_1_VEGFAg2_ON_S624_pear.fastq.assembled.fastqwtf-difflib_indels.csv,V2_d8_72h_1,4,VEGFAg2 ON,72,+ + +,13.35311573,13.35311573,0,803,337,45,45
NP_181003_V2_d8_72h_2_VEGFAg2_ON_S625_pear.fastq.assembled.fastqwtf-difflib_indels.csv,V2_d8_72h_2,4,VEGFAg2 ON,72,+ + +,6.182594768,6.193272824,16,8135,18730,1158,1160
NP_181003_V2_d8_72h_3_VEGFAg2_ON_S626_pear.fastq.assembled.fastqwtf-difflib_indels.csv,V2_d8_72h_3,4,VEGFAg2 ON,72,+ + +,6.978070403,6.99707951,19,20485,57867,4038,4049
NP_181003_NT_24h_1_VEGFAg2_ON_S609_pear.fastq.assembled.fastqwtf-difflib_indels.csv,NT_24h_1,4,VEGFAg2 ON,24,- - -,0.00853971,0.00853971,6,7709,11710,1,1
NP_181003_NT_24h_2_VEGFAg2_ON_S610_pear.fastq.assembled.fastqwtf-difflib_indels.csv,NT_24h_2,4,VEGFAg2 ON,24,- - -,0,0.015299146,16,14460,104581,0,16
NP_181003_NT_24h_3_VEGFAg2_ON_S611_pear.fastq.assembled.fastqwtf-difflib_indels.csv,NT_24h_3,4,VEGFAg2 ON,24,- - -,0.022041968,0.038793864,30,18486,113420,25,44
NP_181003_NT_48h_1_VEGFAg2_ON_S618_pear.fastq.assembled.fastqwtf-difflib_indels.csv,NT_48h_1,4,VEGFAg2 ON,48,- - -,0.005347975,0.016043925,8,8588,56096,3,9
NP_181003_NT_48h_2_VEGFAg2_ON_S619_pear.fastq.assembled.fastqwtf-difflib_indels.csv,NT_48h_2,4,VEGFAg2 ON,48,- - -,0,0.013077268,16,9166,53528,0,7
NP_181003_NT_48h_3_VEGFAg2_ON_S620_pear.fastq.assembled.fastqwtf-difflib_indels.csv,NT_48h_3,4,VEGFAg2 ON,48,- - -,0.083660874,0.097867437,19,9950,63351,53,62
NP_181003_NT_72h_1_VEGFAg2_ON_S627_pear.fastq.assembled.fastqwtf-difflib_indels.csv,NT_72h_1,4,VEGFAg2 ON,72,- - -,0.003187759,0.013813622,20,15535,94110,3,13
NP_181003_NT_72h_2_VEGFAg2_ON_S628_pear.fastq.assembled.fastqwtf-difflib_indels.csv,NT_72h_2,4,VEGFAg2 ON,72,- - -,0.00124423,0.013686529,13,10512,80371,1,11
NP_181003_NT_72h_3_VEGFAg2_ON_S629_pear.fastq.assembled.fastqwtf-difflib_indels.csv,NT_72h_3,4,VEGFAg2 ON,72,- - -,0,0.010896807,4,2240,18354,0,2
NP_181003_V2_GFP_24h_1_VEGFAg2_OT17_S630_pear.fastq.assembled.fastqwtf-difflib_indels.csv,V2_GFP_24h_1,4,VEGFAg2 OT17,24,+ + -,3.645446369,3.821413209,115,4200,102292,3729,3909
NP_181003_V2_GFP_24h_2_VEGFAg2_OT17_S631_pear.fastq.assembled.fastqwtf-difflib_indels.csv,V2_GFP_24h_2,4,VEGFAg2 OT17,24,+ + -,2.89748679,3.088719106,131,4736,110337,3197,3408
NP_181003_V2_GFP_24h_3_VEGFAg2_OT17_S632_pear.fastq.assembled.fastqwtf-difflib_indels.csv,V2_GFP_24h_3,4,VEGFAg2 OT17,24,+ + -,1.799738805,1.985795302,143,6136,111794,2012,2220
NP_181003_V2_GFP_48h_1_VEGFAg2_OT17_S639_pear.fastq.assembled.fastqwtf-difflib_indels.csv,V2_GFP_48h_1,4,VEGFAg2 OT17,48,+ + -,6.531217939,6.707093654,118,4358,109168,7130,7322
NP_181003_V2_GFP_48h_2_VEGFAg2_OT17_S640_pear.fastq.assembled.fastqwtf-difflib_indels.csv,V2_GFP_48h_2,4,VEGFAg2 OT17,48,+ + -,6.707317073,6.910796712,188,7606,146452,9823,10121
NP_181003_V2_GFP_48h_3_VEGFAg2_OT17_S641_pear.fastq.assembled.fastqwtf-difflib_indels.csv,V2_GFP_48h_3,4,VEGFAg2 OT17,48,+ + -,13.96555197,14.20024174,125,4381,99280,13865,14098
NP_181003_V2_GFP_72h_1_VEGFAg2_OT17_S648_pear.fastq.assembled.fastqwtf-difflib_indels.csv,V2_GFP_72h_1,4,VEGFAg2 OT17,72,+ + -,7.484848485,7.696969697,5,280,3300,247,254
NP_181003_V2_GFP_72h_2_VEGFAg2_OT17_S649_pear.fastq.assembled.fastqwtf-difflib_indels.csv,V2_GFP_72h_2,4,VEGFAg2 OT17,72,+ + -,13.99790934,14.14995724,34,603,10523,1473,1489
NP_181003_V2_GFP_72h_3_VEGFAg2_OT17_S650_pear.fastq.assembled.fastqwtf-difflib_indels.csv,V2_GFP_72h_3,4,VEGFAg2 OT17,72,+ + -,0,0,0,2,3,0,0
NP_181003_V2_d8_24h_1_VEGFAg2_OT17_S633_pear.fastq.assembled.fastqwtf-difflib_indels.csv,V2_d8_24h_1,4,VEGFAg2 OT17,24,+ + +,4.063701263,4.173531027,10,351,5463,222,228
NP_181003_V2_d8_24h_2_VEGFAg2_OT17_S634_pear.fastq.assembled.fastqwtf-difflib_indels.csv,V2_d8_24h_2,4,VEGFAg2 OT17,24,+ + +,4.17999441,4.36011304,72,2174,64402,2692,2808
NP_181003_V2_d8_24h_3_VEGFAg2_OT17_S635_pear.fastq.assembled.fastqwtf-difflib_indels.csv,V2_d8_24h_3,4,VEGFAg2 OT17,24,+ + +,3.809913208,3.991116397,129,3675,107614,4100,4295
NP_181003_V2_d8_48h_1_VEGFAg2_OT17_S642_pear.fastq.assembled.fastqwtf-difflib_indels.csv,V2_d8_48h_1,4,VEGFAg2 OT17,48,+ + +,14.06876504,14.30934242,101,3083,79808,11228,11420
NP_181003_V2_d8_48h_2_VEGFAg2_OT17_S643_pear.fastq.assembled.fastqwtf-difflib_indels.csv,V2_d8_48h_2,4,VEGFAg2 OT17,48,+ + +,11.16180211,11.41970368,139,4379,112446,12551,12841
NP_181003_V2_d8_48h_3_VEGFAg2_OT17_S644_pear.fastq.assembled.fastqwtf-difflib_indels.csv,V2_d8_48h_3,4,VEGFAg2 OT17,48,+ + +,10.32246574,10.5445669,108,3748,95452,9853,10065
NP_181003_V2_d8_72h_1_VEGFAg2_OT17_S651_pear.fastq.assembled.fastqwtf-difflib_indels.csv,V2_d8_72h_1,4,VEGFAg2 OT17,72,+ + +,8.285821781,8.482620901,28,1362,34553,2863,2931
NP_181003_V2_d8_72h_2_VEGFAg2_OT17_S652_pear.fastq.assembled.fastqwtf-difflib_indels.csv,V2_d8_72h_2,4,VEGFAg2 OT17,72,+ + +,9.005681154,9.176349566,40,1534,42773,3852,3925
NP_181003_V2_d8_72h_3_VEGFAg2_OT17_S653_pear.fastq.assembled.fastqwtf-difflib_indels.csv,V2_d8_72h_3,4,VEGFAg2 OT17,72,+ + +,6.40576725,6.583419156,40,1745,38840,2488,2557
NP_181003_NT_24h_1_VEGFAg2_OT17_S636_pear.fastq.assembled.fastqwtf-difflib_indels.csv,NT_24h_1,4,VEGFAg2 OT17,24,- - -,0.005912612,0.167523995,104,3302,101478,6,170
NP_181003_NT_24h_2_VEGFAg2_OT17_S637_pear.fastq.assembled.fastqwtf-difflib_indels.csv,NT_24h_2,4,VEGFAg2 OT17,24,- - -,0.009962775,0.166650062,117,3868,110411,11,184
NP_181003_NT_24h_3_VEGFAg2_OT17_S638_pear.fastq.assembled.fastqwtf-difflib_indels.csv,NT_24h_3,4,VEGFAg2 OT17,24,- - -,0.009553562,0.174830185,133,3229,104673,10,183
NP_181003_NT_48h_1_VEGFAg2_OT17_S645_pear.fastq.assembled.fastqwtf-difflib_indels.csv,NT_48h_1,4,VEGFAg2 OT17,48,- - -,0.0068573,0.176765945,133,4535,131247,9,232
NP_181003_NT_48h_2_VEGFAg2_OT17_S646_pear.fastq.assembled.fastqwtf-difflib_indels.csv,NT_48h_2,4,VEGFAg2 OT17,48,- - -,0.007529616,0.213339134,125,4505,119528,9,255
NP_181003_NT_48h_3_VEGFAg2_OT17_S647_pear.fastq.assembled.fastqwtf-difflib_indels.csv,NT_48h_3,4,VEGFAg2 OT17,48,- - -,0.00592382,0.201409869,75,3507,84405,5,170
NP_181003_NT_72h_1_VEGFAg2_OT17_S654_pear.fastq.assembled.fastqwtf-difflib_indels.csv,NT_72h_1,4,VEGFAg2 OT17,72,- - -,0.009662503,0.169783974,81,2427,72445,7,123
NP_181003_NT_72h_2_VEGFAg2_OT17_S655_pear.fastq.assembled.fastqwtf-difflib_indels.csv,NT_72h_2,4,VEGFAg2 OT17,72,- - -,0.007239295,0.153835016,62,2024,55254,4,85
NP_181003_NT_72h_3_VEGFAg2_OT17_S656_pear.fastq.assembled.fastqwtf-difflib_indels.csv,NT_72h_3,4,VEGFAg2 OT17,72,- - -,0,0,1,11,2,0,0
NP_181003_V3_GFP_24h_1_VEGFAg3_ON_S657_pear.fastq.assembled.fastqwtf-difflib_indels.csv,V3_GFP_24h_1,5,VEGFAg3 ON,24,+ + -,13.53846154,13.84615385,0,40,650,88,90
NP_181003_V3_GFP_24h_2_VEGFAg3_ON_S658_pear.fastq.assembled.fastqwtf-difflib_indels.csv,V3_GFP_24h_2,5,VEGFAg3 ON,24,+ + -,15.73275862,15.79741379,1,234,4640,730,733
NP_181003_V3_GFP_24h_3_VEGFAg3_ON_S659_pear.fastq.assembled.fastqwtf-difflib_indels.csv,V3_GFP_24h_3,5,VEGFAg3 ON,24,+ + -,22.57784529,22.61039384,1,450,9217,2081,2084
NP_181003_V3_GFP_48h_1_VEGFAg3_ON_S666_pear.fastq.assembled.fastqwtf-difflib_indels.csv,V3_GFP_48h_1,5,VEGFAg3 ON,48,+ + -,41.60628019,41.74214976,0,319,6624,2756,2765
NP_181003_V3_GFP_48h_2_VEGFAg3_ON_S667_pear.fastq.assembled.fastqwtf-difflib_indels.csv,V3_GFP_48h_2,5,VEGFAg3 ON,48,+ + -,40.41781336,40.51788842,1,428,7994,3231,3239
NP_181003_V3_GFP_48h_3_VEGFAg3_ON_S668_pear.fastq.assembled.fastqwtf-difflib_indels.csv,V3_GFP_48h_3,5,VEGFAg3 ON,48,+ + -,40.96518511,41.05548309,0,525,9967,4083,4092
NP_181003_V3_GFP_72h_1_VEGFAg3_ON_S675_pear.fastq.assembled.fastqwtf-difflib_indels.csv,V3_GFP_72h_1,5,VEGFAg3 ON,72,+ + -,32.17592593,32.25308642,2,832,1296,417,418
NP_181003_V3_GFP_72h_2_VEGFAg3_ON_S676_pear.fastq.assembled.fastqwtf-difflib_indels.csv,V3_GFP_72h_2,5,VEGFAg3 ON,72,+ + -,25.10385757,25.10385757,7,4081,1685,423,423
NP_181003_V3_d2_24h_1_VEGFAg3_ON_S660_pear.fastq.assembled.fastqwtf-difflib_indels.csv,V3_d2_24h_1,5,VEGFAg3 ON,24,+ + +,16.27084386,16.30874179,1,413,7916,1288,1291
NP_181003_V3_d2_24h_2_VEGFAg3_ON_S661_pear.fastq.assembled.fastqwtf-difflib_indels.csv,V3_d2_24h_2,5,VEGFAg3 ON,24,+ + +,19.25156366,19.31517015,0,467,9433,1816,1822
NP_181003_V3_d2_24h_3_VEGFAg3_ON_S662_pear.fastq.assembled.fastqwtf-difflib_indels.csv,V3_d2_24h_3,5,VEGFAg3 ON,24,+ + +,14.10536779,14.14512922,1,540,10060,1419,1423
NP_181003_V3_d2_48h_1_VEGFAg3_ON_S669_pear.fastq.assembled.fastqwtf-difflib_indels.csv,V3_d2_48h_1,5,VEGFAg3 ON,48,+ + +,32.35814178,32.45458929,2,302,6221,2013,2019
NP_181003_V3_d2_48h_2_VEGFAg3_ON_S670_pear.fastq.assembled.fastqwtf-difflib_indels.csv,V3_d2_48h_2,5,VEGFAg3 ON,48,+ + +,37.8207927,37.91781885,2,1380,20613,7796,7816
NP_181003_V3_d2_48h_3_VEGFAg3_ON_S671_pear.fastq.assembled.fastqwtf-difflib_indels.csv,V3_d2_48h_3,5,VEGFAg3 ON,48,+ + +,35.41255838,35.55786196,0,514,9635,3412,3426
NP_181003_V3_d2_72h_1_VEGFAg3_ON_S677_pear.fastq.assembled.fastqwtf-difflib_indels.csv,V3_d2_72h_1,5,VEGFAg3 ON,72,+ + +,24.801812,24.801812,8,3270,883,219,219
NP_181003_V3_d2_72h_2_VEGFAg3_ON_S678_pear.fastq.assembled.fastqwtf-difflib_indels.csv,V3_d2_72h_2,5,VEGFAg3 ON,72,+ + +,21.49088025,21.49088025,6,4557,1261,271,271
NP_181003_V3_d2_72h_3_VEGFAg3_ON_S679_pear.fastq.assembled.fastqwtf-difflib_indels.csv,V3_d2_72h_3,5,VEGFAg3 ON,72,+ + +,24.61344273,24.67655412,8,4442,3169,780,782
NP_181003_NT_24h_1_VEGFAg3_ON_S663_pear.fastq.assembled.fastqwtf-difflib_indels.csv,NT_24h_1,5,VEGFAg3 ON,24,- - -,0.009164223,0.054985337,0,1146,21824,2,12
NP_181003_NT_24h_2_VEGFAg3_ON_S664_pear.fastq.assembled.fastqwtf-difflib_indels.csv,NT_24h_2,5,VEGFAg3 ON,24,- - -,0.020070246,0.060210738,0,621,9965,2,6
NP_181003_NT_24h_3_VEGFAg3_ON_S665_pear.fastq.assembled.fastqwtf-difflib_indels.csv,NT_24h_3,5,VEGFAg3 ON,24,- - -,7.547169811,7.547169811,0,9,53,4,4
NP_181003_NT_48h_1_VEGFAg3_ON_S672_pear.fastq.assembled.fastqwtf-difflib_indels.csv,NT_48h_1,5,VEGFAg3 ON,48,- - -,0,0,0,25,93,0,0
NP_181003_NT_48h_2_VEGFAg3_ON_S673_pear.fastq.assembled.fastqwtf-difflib_indels.csv,NT_48h_2,5,VEGFAg3 ON,48,- - -,1.234567901,1.234567901,3,417,81,1,1
NP_181003_NT_48h_3_VEGFAg3_ON_S674_pear.fastq.assembled.fastqwtf-difflib_indels.csv,NT_48h_3,5,VEGFAg3 ON,48,- - -,0.154380548,0.192975685,1,3728,2591,4,5
NP_181003_NT_72h_1_VEGFAg3_ON_S680_pear.fastq.assembled.fastqwtf-difflib_indels.csv,NT_72h_1,5,VEGFAg3 ON,72,- - -,0,0.05109862,1,3063,1957,0,1
NP_181003_NT_72h_2_VEGFAg3_ON_S681_pear.fastq.assembled.fastqwtf-difflib_indels.csv,NT_72h_2,5,VEGFAg3 ON,72,- - -,0,0,4,3397,2808,0,0
NP_181003_NT_72h_3_VEGFAg3_ON_S682_pear.fastq.assembled.fastqwtf-difflib_indels.csv,NT_72h_3,5,VEGFAg3 ON,72,- - -,0,0.040096231,3,3832,2494,0,1
NP_181003_V3_GFP_24h_1_VEGFAg3_OT2_S683_pear.fastq.assembled.fastqwtf-difflib_indels.csv,V3_GFP_24h_1,5,VEGFAg3 OT2,24,+ + -,12.51569432,12.64961915,19,12300,47788,5981,6045
NP_181003_V3_GFP_24h_2_VEGFAg3_OT2_S684_pear.fastq.assembled.fastqwtf-difflib_indels.csv,V3_GFP_24h_2,5,VEGFAg3 OT2,24,+ + -,15.48455419,15.73251369,13,10821,38716,5995,6091
NP_181003_V3_GFP_24h_3_VEGFAg3_OT2_S685_pear.fastq.assembled.fastqwtf-difflib_indels.csv,V3_GFP_24h_3,5,VEGFAg3 OT2,24,+ + -,20.35222965,20.60777716,18,12973,46958,9557,9677
NP_181003_V3_GFP_48h_1_VEGFAg3_OT2_S692_pear.fastq.assembled.fastqwtf-difflib_indels.csv,V3_GFP_48h_1,5,VEGFAg3 OT2,48,+ + -,37.96665039,38.5164821,42,11442,38921,14777,14991
NP_181003_V3_GFP_48h_2_VEGFAg3_OT2_S693_pear.fastq.assembled.fastqwtf-difflib_indels.csv,V3_GFP_48h_2,5,VEGFAg3 OT2,48,+ + -,39.61037033,40.1033469,6,10972,33673,13338,13504
NP_181003_V3_GFP_48h_3_VEGFAg3_OT2_S694_pear.fastq.assembled.fastqwtf-difflib_indels.csv,V3_GFP_48h_3,5,VEGFAg3 OT2,48,+ + -,38.2028717,38.74015748,31,12390,32385,12372,12546
NP_181003_V3_GFP_72h_1_VEGFAg3_OT2_S701_pear.fastq.assembled.fastqwtf-difflib_indels.csv,V3_GFP_72h_1,5,VEGFAg3 OT2,72,+ + -,27.57651738,27.83589832,6,7097,23132,6379,6439
NP_181003_V3_GFP_72h_2_VEGFAg3_OT2_S702_pear.fastq.assembled.fastqwtf-difflib_indels.csv,V3_GFP_72h_2,5,VEGFAg3 OT2,72,+ + -,23.0409145,23.26074587,9,9633,38666,8909,8994
NP_181003_V3_d2_24h_1_VEGFAg3_OT2_S686_pear.fastq.assembled.fastqwtf-difflib_indels.csv,V3_d2_24h_1,5,VEGFAg3 OT2,24,+ + +,2.491103203,2.51755314,10,11622,41588,1036,1047
NP_181003_V3_d2_24h_2_VEGFAg3_OT2_S687_pear.fastq.assembled.fastqwtf-difflib_indels.csv,V3_d2_24h_2,5,VEGFAg3 OT2,24,+ + +,3.087987671,3.136505037,11,9081,35039,1082,1099
NP_181003_V3_d2_24h_3_VEGFAg3_OT2_S688_pear.fastq.assembled.fastqwtf-difflib_indels.csv,V3_d2_24h_3,5,VEGFAg3 OT2,24,+ + +,2.583138102,2.616606322,43,22485,65734,1698,1720
NP_181003_V3_d2_48h_1_VEGFAg3_OT2_S695_pear.fastq.assembled.fastqwtf-difflib_indels.csv,V3_d2_48h_1,5,VEGFAg3 OT2,48,+ + +,8.815186559,8.926467379,4,12851,45830,4040,4091
NP_181003_V3_d2_48h_2_VEGFAg3_OT2_S696_pear.fastq.assembled.fastqwtf-difflib_indels.csv,V3_d2_48h_2,5,VEGFAg3 OT2,48,+ + +,10.40756914,10.53936032,14,15577,50838,5291,5358
NP_181003_V3_d2_48h_3_VEGFAg3_OT2_S697_pear.fastq.assembled.fastqwtf-difflib_indels.csv,V3_d2_48h_3,5,VEGFAg3 OT2,48,+ + +,4.983473176,5.059750826,10,8428,7866,392,398
NP_181003_V3_d2_72h_1_VEGFAg3_OT2_S703_pear.fastq.assembled.fastqwtf-difflib_indels.csv,V3_d2_72h_1,5,VEGFAg3 OT2,72,+ + +,10.88247385,10.99209793,35,13110,43786,4765,4813
NP_181003_V3_d2_72h_2_VEGFAg3_OT2_S704_pear.fastq.assembled.fastqwtf-difflib_indels.csv,V3_d2_72h_2,5,VEGFAg3 OT2,72,+ + +,8.407592408,8.537462537,16,14497,50050,4208,4273
NP_181003_V3_d2_72h_3_VEGFAg3_OT2_S705_pear.fastq.assembled.fastqwtf-difflib_indels.csv,V3_d2_72h_3,5,VEGFAg3 OT2,72,+ + +,3.001772264,3.012848914,8,7221,9028,271,272
NP_181003_NT_24h_1_VEGFAg3_OT2_S689_pear.fastq.assembled.fastqwtf-difflib_indels.csv,NT_24h_1,5,VEGFAg3 OT2,24,- - -,0.082022221,0.087614645,32,15484,53644,44,47
NP_181003_NT_24h_2_VEGFAg3_OT2_S690_pear.fastq.assembled.fastqwtf-difflib_indels.csv,NT_24h_2,5,VEGFAg3 OT2,24,- - -,0.083638459,0.094790253,6,12055,53803,45,51
NP_181003_NT_24h_3_VEGFAg3_OT2_S691_pear.fastq.assembled.fastqwtf-difflib_indels.csv,NT_24h_3,5,VEGFAg3 OT2,24,- - -,1.002412347,1.028175282,8,8526,42697,428,439
NP_181003_NT_48h_1_VEGFAg3_OT2_S698_pear.fastq.assembled.fastqwtf-difflib_indels.csv,NT_48h_1,5,VEGFAg3 OT2,48,- - -,0.049831818,0.053984469,7,11923,48162,24,26
NP_181003_NT_48h_2_VEGFAg3_OT2_S699_pear.fastq.assembled.fastqwtf-difflib_indels.csv,NT_48h_2,5,VEGFAg3 OT2,48,- - -,0.037663949,0.042095002,3,10900,45136,17,19
NP_181003_NT_48h_3_VEGFAg3_OT2_S700_pear.fastq.assembled.fastqwtf-difflib_indels.csv,NT_48h_3,5,VEGFAg3 OT2,48,- - -,0.203417413,0.212135302,3,11643,34412,70,73
NP_181003_NT_72h_1_VEGFAg3_OT2_S706_pear.fastq.assembled.fastqwtf-difflib_indels.csv,NT_72h_1,5,VEGFAg3 OT2,72,- - -,0.090655961,0.101448337,48,13549,46329,42,47
NP_181003_NT_72h_2_VEGFAg3_OT2_S707_pear.fastq.assembled.fastqwtf-difflib_indels.csv,NT_72h_2,5,VEGFAg3 OT2,72,- - -,0.046788004,0.051466804,28,10108,42746,20,22
NP_181003_NT_72h_3_VEGFAg3_OT2_S708_pear.fastq.assembled.fastqwtf-difflib_indels.csv,NT_72h_3,5,VEGFAg3 OT2,72,- - -,0.029044438,0.038725917,14,8270,30987,9,12