Experiment,Site,Date,Sample,Name,X_lab,Indel_stringent,Indel,Reads_low_phred,Reads_no_nmer,Reads_passing,Total_indel_stringent,Total_indel
1,FANCFg2 ON,02.08.18,NP_020818_F2_GFP_1_FANCFg2_OT1_S22_pear.fastq.assembled.fastqwtf-difflib_indels.csv,FANCFg2_GFP_1, + + -,24.69694615,24.70277411,12,3000,51476,12713,12716
1,FANCFg2 ON,02.08.18,NP_020818_F2_GFP_2_FANCFg2_OT1_S23_pear.fastq.assembled.fastqwtf-difflib_indels.csv,FANCFg2_GFP_2, + + -,24.3863112,24.40021128,8,1731,35971,8772,8777
1,FANCFg2 ON,02.08.18,NP_020818_F2_GFP_3_FANCFg2_OT1_S24_pear.fastq.assembled.fastqwtf-difflib_indels.csv,FANCFg2_GFP_3, + + -,24.57692778,24.58100559,9,2491,49046,12054,12056
1,FANCFg2 ON,02.08.18,NP_020818_F2_d1_1_FANCFg2_ON_S4_pear.fastq.assembled.fastqwtf-difflib_indels.csv,FANCFg2_d1_1, + + 1,28.14076034,28.14980664,10,2179,44217,12443,12447
1,FANCFg2 ON,02.08.18,NP_020818_F2_d1_2_FANCFg2_ON_S5_pear.fastq.assembled.fastqwtf-difflib_indels.csv,FANCFg2_d1_2, + + 1,27.93505412,27.95066611,5,1948,38432,10736,10742
1,FANCFg2 ON,02.08.18,NP_020818_F2_d1_3_FANCFg2_ON_S6_pear.fastq.assembled.fastqwtf-difflib_indels.csv,FANCFg2_d1_3, + + 1,26.03568008,26.0436622,11,2642,50112,13047,13051
1,FANCFg2 ON,02.08.18,NP_020818_F2_dnon_1_FANCFg2_ON_S16_pear.fastq.assembled.fastqwtf-difflib_indels.csv,FANCFg2_dNT_1, + + dNT,23.34613825,23.36351177,8,2640,51803,12094,12103
1,FANCFg2 ON,02.08.18,NP_020818_F2_dnon_2_FANCFg2_ON_S17_pear.fastq.assembled.fastqwtf-difflib_indels.csv,FANCFg2_dNT_2, + + dNT,25.46694819,25.46965514,8,1540,36942,9408,9409
1,FANCFg2 ON,02.08.18,NP_020818_F2_dnon_3_FANCFg2_ON_S18_pear.fastq.assembled.fastqwtf-difflib_indels.csv,FANCFg2_dNT_3, + + dNT,22.80678808,22.81659746,7,1214,30583,6975,6978
1,FANCFg2 ON,02.08.18,NP_020818_NT_1_FANCFg2_ON_S19_pear.fastq.assembled.fastqwtf-difflib_indels.csv,NT_1, - - -,0.022168034,0.025862706,2,899,27066,6,7
1,FANCFg2 ON,02.08.18,NP_020818_NT_2_FANCFg2_ON_S20_pear.fastq.assembled.fastqwtf-difflib_indels.csv,NT_2, - - -,0.01484928,0.01979904,6,694,20203,3,4
1,FANCFg2 ON,02.08.18,NP_020818_NT_3_FANCFg2_ON_S21_pear.fastq.assembled.fastqwtf-difflib_indels.csv,NT_3, - - -,0.061052254,0.064643563,0,1049,27845,17,18
1,FANCFg2 OT1,02.08.18,NP_020818_F2_GFP_1_FANCFg2_OT1_S22_pear.fastq.assembled.fastqwtf-difflib_indels.csv,FANCFg2_GFP_1, + + -,19.29219465,19.31093949,4,1375,26674,5146,5151
1,FANCFg2 OT1,02.08.18,NP_020818_F2_GFP_2_FANCFg2_OT1_S23_pear.fastq.assembled.fastqwtf-difflib_indels.csv,FANCFg2_GFP_2, + + -,20.65132364,20.667792,2,1075,24289,5016,5020
1,FANCFg2 OT1,02.08.18,NP_020818_F2_GFP_3_FANCFg2_OT1_S24_pear.fastq.assembled.fastqwtf-difflib_indels.csv,FANCFg2_GFP_3, + + -,21.38383286,21.40485098,0,996,23789,5087,5092
1,FANCFg2 OT1,02.08.18,NP_020818_F2_d1_1_FANCFg2_OT1_S25_pear.fastq.assembled.fastqwtf-difflib_indels.csv,FANCFg2_d1_1, + + 1,0.698844219,0.710363629,1,1115,26043,182,185
1,FANCFg2 OT1,02.08.18,NP_020818_F2_d1_2_FANCFg2_OT1_S26_pear.fastq.assembled.fastqwtf-difflib_indels.csv,FANCFg2_d1_2, + + 1,0.706647017,0.706647017,1,1040,26463,187,187
1,FANCFg2 OT1,02.08.18,NP_020818_F2_d1_3_FANCFg2_OT1_S27_pear.fastq.assembled.fastqwtf-difflib_indels.csv,FANCFg2_d1_3, + + 1,0.651003782,0.672825138,1,1485,27496,179,185
1,FANCFg2 OT1,02.08.18,NP_020818_F2_dnon_1_FANCFg2_OT1_S37_pear.fastq.assembled.fastqwtf-difflib_indels.csv,FANCFg2_dNT_1, + + dNT,18.58297079,18.58297079,1,513,12872,2392,2392
1,FANCFg2 OT1,02.08.18,NP_020818_F2_dnon_2_FANCFg2_OT1_S38_pear.fastq.assembled.fastqwtf-difflib_indels.csv,FANCFg2_dNT_2, + + dNT,19.80766829,19.83264643,2,634,16014,3172,3176
1,FANCFg2 OT1,02.08.18,NP_020818_F2_dnon_3_FANCFg2_OT1_S39_pear.fastq.assembled.fastqwtf-difflib_indels.csv,FANCFg2_dNT_3, + + dNT,16.97544897,16.98113208,0,702,17596,2987,2988
1,FANCFg2 OT1,02.08.18,NP_020818_NT_1_FANCFg2_OT1_S40_pear.fastq.assembled.fastqwtf-difflib_indels.csv,NT_1, - - -,0.301193336,0.324068779,2,1364,26229,79,85
1,FANCFg2 OT1,02.08.18,NP_020818_NT_2_FANCFg2_OT1_S41_pear.fastq.assembled.fastqwtf-difflib_indels.csv,NT_2, - - -,0.025863184,0.025863184,1,608,7733,2,2
1,FANCFg2 OT1,02.08.18,NP_020818_NT_3_FANCFg2_OT1_S42_pear.fastq.assembled.fastqwtf-difflib_indels.csv,NT_3, - - -,0.098431656,0.113743246,4,2830,45717,45,52
2,VEGFAg2 ON,02.08.18,NP_180208_V2_GFP_1_VEGFg2_ON_S55_R1_001.fastqwtf-difflib_indels.csv,VEGFAg2_GFP_1, + + -,10.32942758,10.33422973,1174,3804,20824,2151,2152
2,VEGFAg2 ON,02.08.18,NP_180208_V2_GFP_2_VEGFg2_ON_S56_R1_001.fastqwtf-difflib_indels.csv,VEGFAg2_GFP_2, + + -,10.32106306,10.3306922,4199,14504,72696,7503,7510
2,VEGFAg2 ON,02.08.18,NP_180208_V2_GFP_3_VEGFg2_ON_S57_R1_001.fastqwtf-difflib_indels.csv,VEGFAg2_GFP_3, + + -,8.328332922,8.335392326,3251,10265,56662,4719,4723
2,VEGFAg2 ON,02.08.18,NP_180208_V2_d1_1_VEGFg2_ON_S58_R1_001.fastqwtf-difflib_indels.csv,VEGFAg2_OT1d1_1, + + 1,9.826564964,9.836508004,4045,13194,70401,6918,6925
2,VEGFAg2 ON,02.08.18,NP_180208_V2_d1_2_VEGFg2_ON_S59_R1_001.fastqwtf-difflib_indels.csv,VEGFAg2_OT1d1_2, + + 1,9.802548914,9.818704003,3466,12250,55710,5461,5470
2,VEGFAg2 ON,02.08.18,NP_180208_V2_d1_3_VEGFg2_ON_S60_R1_001.fastqwtf-difflib_indels.csv,VEGFAg2_OT1d1_3, + + 1,8.701356091,8.709641782,3773,12643,72414,6301,6307
2,VEGFAg2 ON,02.08.18,NP_180208_V2_dnon_1_VEGFg2_ON_S67_R1_001.fastqwtf-difflib_indels.csv,VEGFAg2_dNT_1, + + dNT,6.827753335,6.832458885,2538,7565,42503,2902,2904
2,VEGFAg2 ON,02.08.18,NP_180208_V2_dnon_2_VEGFg2_ON_S68_R1_001.fastqwtf-difflib_indels.csv,VEGFAg2_dNT_2, + + dNT,7.462898027,7.466439982,1577,4935,28233,2107,2108
2,VEGFAg2 ON,02.08.18,NP_180208_V2_dnon_3_VEGFg2_ON_S69_R1_001.fastqwtf-difflib_indels.csv,VEGFAg2_dNT_3, + + dNT,6.013937551,6.033188311,1333,3450,25973,1562,1567
2,VEGFAg2 ON,02.08.18,NP_180208_NT_1_VEGFg2_ON_S70_R1_001.fastqwtf-difflib_indels.csv,NT_1, - - -,0.013723648,0.014779313,4412,9084,94727,13,14
2,VEGFAg2 ON,02.08.18,NP_180208_NT_2_VEGFg2_ON_S71_R1_001.fastqwtf-difflib_indels.csv,NT_2, - - -,0.015667559,0.018077952,3645,7868,82974,13,15
2,VEGFAg2 ON,02.08.18,NP_180208_NT_3_VEGFg2_ON_S72_R1_001.fastqwtf-difflib_indels.csv,NT_3, - - -,0.051159119,0.051159119,2868,5889,68414,35,35
2,VEGFAg2 OT1,02.08.18,NP_180208_V2_GFP_1_VEGFg2_OT1_S73_R1_001.fastqwtf-difflib_indels.csv,VEGFAg2_GFP_1, + + -,3.601889215,3.709647836,6842,10846,43616,1571,1618
2,VEGFAg2 OT1,02.08.18,NP_180208_V2_GFP_2_VEGFg2_OT1_S74_R1_001.fastqwtf-difflib_indels.csv,VEGFAg2_GFP_2, + + -,4.045710725,4.168908777,6906,6548,70618,2857,2944
2,VEGFAg2 OT1,02.08.18,NP_180208_V2_GFP_3_VEGFg2_OT1_S75_R1_001.fastqwtf-difflib_indels.csv,VEGFAg2_GFP_3, + + -,3.493560064,3.5609058,7475,8784,35637,1245,1269
2,VEGFAg2 OT1,02.08.18,NP_180208_V2_d1_1_VEGFg2_OT1_S76_R1_001.fastqwtf-difflib_indels.csv,VEGFAg2_OT1d1_1, + + 1,0.266641863,0.27904381,5750,12160,32253,86,90
2,VEGFAg2 OT1,02.08.18,NP_180208_V2_d1_2_VEGFg2_OT1_S77_R1_001.fastqwtf-difflib_indels.csv,VEGFAg2_OT1d1_2, + + 1,0.225398203,0.228737436,7178,12672,59894,135,137
2,VEGFAg2 OT1,02.08.18,NP_180208_V2_d1_3_VEGFg2_OT1_S78_R1_001.fastqwtf-difflib_indels.csv,VEGFAg2_OT1d1_3, + + 1,0.312004754,0.32562401,8576,9688,80768,252,263
2,VEGFAg2 OT1,02.08.18,NP_180208_V2_dnon_1_VEGFg2_OT1_S79_R1_001.fastqwtf-difflib_indels.csv,VEGFAg2_dNT_1, + + dNT,2.868244702,2.922681283,6392,9714,53273,1528,1557
2,VEGFAg2 OT1,02.08.18,NP_180208_V2_dnon_2_VEGFg2_OT1_S80_R1_001.fastqwtf-difflib_indels.csv,VEGFAg2_dNT_2, + + dNT,2.697620128,2.749497439,6398,11496,46263,1248,1272
2,VEGFAg2 OT1,02.08.18,NP_180208_V2_dnon_3_VEGFg2_OT1_S81_R1_001.fastqwtf-difflib_indels.csv,VEGFAg2_dNT_3, + + dNT,2.400829917,2.460109668,7019,7045,60729,1458,1494
2,VEGFAg2 OT1,02.08.18,NP_180208_NT_1_VEGFg2_OT1_S82_R1_001.fastqwtf-difflib_indels.csv,NT_1, - - -,0.027371014,0.034974074,8243,6589,65763,18,23
2,VEGFAg2 OT1,02.08.18,NP_180208_NT_2_VEGFg2_OT1_S83_R1_001.fastqwtf-difflib_indels.csv,NT_2, - - -,0.033993149,0.043145151,7935,8009,76486,26,33
2,VEGFAg2 OT1,02.08.18,NP_180208_NT_3_VEGFg2_OT1_S84_R1_001.fastqwtf-difflib_indels.csv,NT_3, - - -,0.032102729,0.042240433,7348,6424,59185,19,25
3,VEGFAg2 ON,02.08.18,NP_180208_V2_GFP_1_VEGFg2_ON_S55_R1_001.fastqwtf-difflib_indels.csv,VEGFAg2_GFP_1, + + -,10.32942758,10.33422973,1174,3804,20824,2151,2152
3,VEGFAg2 ON,02.08.18,NP_180208_V2_GFP_2_VEGFg2_ON_S56_R1_001.fastqwtf-difflib_indels.csv,VEGFAg2_GFP_2, + + -,10.32106306,10.3306922,4199,14504,72696,7503,7510
3,VEGFAg2 ON,02.08.18,NP_180208_V2_GFP_3_VEGFg2_ON_S57_R1_001.fastqwtf-difflib_indels.csv,VEGFAg2_GFP_3, + + -,8.328332922,8.335392326,3251,10265,56662,4719,4723
3,VEGFAg2 ON,02.08.18,NP_180208_V2_d2_1_VEGFg2_ON_S61_R1_001.fastqwtf-difflib_indels.csv,VEGFAg2_OT2d8_1, + + 8,4.849542085,4.853903184,3420,11939,68790,3336,3339
3,VEGFAg2 ON,02.08.18,NP_180208_V2_d2_2_VEGFg2_ON_S62_R1_001.fastqwtf-difflib_indels.csv,VEGFAg2_OT2d8_2, + + 8,5.932518142,5.955373979,4270,12434,70004,4153,4169
3,VEGFAg2 ON,02.08.18,NP_180208_V2_d2_3_VEGFg2_ON_S63_R1_001.fastqwtf-difflib_indels.csv,VEGFAg2_OT2d8_3, + + 8,6.103079455,6.106017866,3737,12359,68064,4154,4156
3,VEGFAg2 ON,02.08.18,NP_180208_V2_dnon_1_VEGFg2_ON_S67_R1_001.fastqwtf-difflib_indels.csv,VEGFAg2_dNT_1, + + dNT,6.827753335,6.832458885,2538,7565,42503,2902,2904
3,VEGFAg2 ON,02.08.18,NP_180208_V2_dnon_2_VEGFg2_ON_S68_R1_001.fastqwtf-difflib_indels.csv,VEGFAg2_dNT_2, + + dNT,7.462898027,7.466439982,1577,4935,28233,2107,2108
3,VEGFAg2 ON,02.08.18,NP_180208_V2_dnon_3_VEGFg2_ON_S69_R1_001.fastqwtf-difflib_indels.csv,VEGFAg2_dNT_3, + + dNT,6.013937551,6.033188311,1333,3450,25973,1562,1567
3,VEGFAg2 ON,02.08.18,NP_180208_NT_1_VEGFg2_ON_S70_R1_001.fastqwtf-difflib_indels.csv,NT_1, - - -,0.013723648,0.014779313,4412,9084,94727,13,14
3,VEGFAg2 ON,02.08.18,NP_180208_NT_2_VEGFg2_ON_S71_R1_001.fastqwtf-difflib_indels.csv,NT_2, - - -,0.015667559,0.018077952,3645,7868,82974,13,15
3,VEGFAg2 ON,02.08.18,NP_180208_NT_3_VEGFg2_ON_S72_R1_001.fastqwtf-difflib_indels.csv,NT_3, - - -,0.051159119,0.051159119,2868,5889,68414,35,35
3,VEGFAg2 OT2,02.08.18,NP_180208_V2_GFP_1_VEGFg2_OT2_S85_R1_001.fastqwtf-difflib_indels.csv,VEGFAg2_GFP_1, + + -,8.778872557,8.782910677,2086,1516,24764,2174,2175
3,VEGFAg2 OT2,02.08.18,NP_180208_V2_GFP_2_VEGFg2_OT2_S86_R1_001.fastqwtf-difflib_indels.csv,VEGFAg2_GFP_2, + + -,8.205032916,8.210341898,2838,10634,37672,3091,3093
3,VEGFAg2 OT2,02.08.18,NP_180208_V2_GFP_3_VEGFg2_OT2_S87_R1_001.fastqwtf-difflib_indels.csv,VEGFAg2_GFP_3, + + -,7.225854534,7.232629832,2664,6637,29519,2133,2135
3,VEGFAg2 OT2,02.08.18,NP_180208_V2_d2_1_VEGFg2_OT2_S88_R1_001.fastqwtf-difflib_indels.csv,VEGFAg2_OT2d8_1, + + 8,1.453442777,1.458670989,3161,3845,57381,834,837
3,VEGFAg2 OT2,02.08.18,NP_180208_V2_d2_2_VEGFg2_OT2_S89_R1_001.fastqwtf-difflib_indels.csv,VEGFAg2_OT2d8_2, + + 8,1.02189781,1.023769418,3745,3151,53430,546,547
3,VEGFAg2 OT2,02.08.18,NP_180208_V2_d2_3_VEGFg2_OT2_S90_R1_001.fastqwtf-difflib_indels.csv,VEGFAg2_OT2d8_3, + + 8,1.517606677,1.521091422,5696,31178,57393,871,873
3,VEGFAg2 OT2,02.08.18,NP_180208_V2_dnon_1_VEGFg2_OT2_S91_R1_001.fastqwtf-difflib_indels.csv,VEGFAg2_dNT_1, + + dNT,6.168538753,6.170238075,3793,4175,58847,3630,3631
3,VEGFAg2 OT2,02.08.18,NP_180208_V2_dnon_2_VEGFg2_OT2_S92_R1_001.fastqwtf-difflib_indels.csv,VEGFAg2_dNT_2, + + dNT,6.659768788,6.665738106,4384,20338,50257,3347,3350
3,VEGFAg2 OT2,02.08.18,NP_180208_V2_dnon_3_VEGFg2_OT2_S704_R1_001.fastqwtf-difflib_indels.csv,VEGFAg2_dNT_3, + + dNT,4.645637738,4.65279368,104475,6225,69872,3246,3251
3,VEGFAg2 OT2,02.08.18,NP_180208_NT_1_VEGFg2_OT2_S94_R1_001.fastqwtf-difflib_indels.csv,NT_1, - - -,0.08543581,0.08543581,3287,4339,57353,49,49
3,VEGFAg2 OT2,02.08.18,NP_180208_NT_2_VEGFg2_OT2_S95_R1_001.fastqwtf-difflib_indels.csv,NT_2, - - -,0.149635036,0.150851582,4262,4570,82200,123,124
3,VEGFAg2 OT2,02.08.18,NP_180208_NT_3_VEGFg2_OT2_S96_R1_001.fastqwtf-difflib_indels.csv,NT_3, - - -,0.028595355,0.028595355,3251,2681,48959,14,14
4,VEGFAg2 ON,02.08.18,NP_180208_V2_GFP_1_VEGFg2_ON_S55_R1_001.fastqwtf-difflib_indels.csv,VEGFAg2_GFP_1, + + -,10.32942758,10.33422973,1174,3804,20824,2151,2152
4,VEGFAg2 ON,02.08.18,NP_180208_V2_GFP_2_VEGFg2_ON_S56_R1_001.fastqwtf-difflib_indels.csv,VEGFAg2_GFP_2, + + -,10.32106306,10.3306922,4199,14504,72696,7503,7510
4,VEGFAg2 ON,02.08.18,NP_180208_V2_GFP_3_VEGFg2_ON_S57_R1_001.fastqwtf-difflib_indels.csv,VEGFAg2_GFP_3, + + -,8.328332922,8.335392326,3251,10265,56662,4719,4723
4,VEGFAg2 ON,02.08.18,NP_180208_V2_d17_1_VEGFg2_ON_S64_R1_001.fastqwtf-difflib_indels.csv,VEGFAg2_OT17d8_1, + + 8,9.176090468,9.183270508,4236,9938,55710,5112,5116
4,VEGFAg2 ON,02.08.18,NP_180208_V2_d17_2_VEGFg2_ON_S65_R1_001.fastqwtf-difflib_indels.csv,VEGFAg2_OT17d8_2, + + 8,8.465549408,8.468738539,3973,11591,62713,5309,5311
4,VEGFAg2 ON,02.08.18,NP_180208_V2_d17_3_VEGFg2_ON_S66_R1_001.fastqwtf-difflib_indels.csv,VEGFAg2_OT17d8_3, + + 8,7.40030319,7.40030319,1819,6469,32323,2392,2392
4,VEGFAg2 ON,02.08.18,NP_180208_V2_dnon_1_VEGFg2_ON_S67_R1_001.fastqwtf-difflib_indels.csv,VEGFAg2_dNT_1, + + dNT,6.827753335,6.832458885,2538,7565,42503,2902,2904
4,VEGFAg2 ON,02.08.18,NP_180208_V2_dnon_2_VEGFg2_ON_S68_R1_001.fastqwtf-difflib_indels.csv,VEGFAg2_dNT_2, + + dNT,7.462898027,7.466439982,1577,4935,28233,2107,2108
4,VEGFAg2 ON,02.08.18,NP_180208_V2_dnon_3_VEGFg2_ON_S69_R1_001.fastqwtf-difflib_indels.csv,VEGFAg2_dNT_3, + + dNT,6.013937551,6.033188311,1333,3450,25973,1562,1567
4,VEGFAg2 ON,02.08.18,NP_180208_NT_1_VEGFg2_ON_S70_R1_001.fastqwtf-difflib_indels.csv,NT_1, - - -,0.013723648,0.014779313,4412,9084,94727,13,14
4,VEGFAg2 ON,02.08.18,NP_180208_NT_2_VEGFg2_ON_S71_R1_001.fastqwtf-difflib_indels.csv,NT_2, - - -,0.015667559,0.018077952,3645,7868,82974,13,15
4,VEGFAg2 ON,02.08.18,NP_180208_NT_3_VEGFg2_ON_S72_R1_001.fastqwtf-difflib_indels.csv,NT_3, - - -,0.051159119,0.051159119,2868,5889,68414,35,35
4,VEGFAg2 OT17,02.08.18,NP_180208_V2_GFP_1_VEGFg2_OT17_S97_R1_001.fastqwtf-difflib_indels.csv,VEGFAg2_GFP_1, + + -,10.75104453,10.80709263,2091,6818,39252,4220,4242
4,VEGFAg2 OT17,02.08.18,NP_180208_V2_GFP_2_VEGFg2_OT17_S98_R1_001.fastqwtf-difflib_indels.csv,VEGFAg2_GFP_2, + + -,12.25266923,12.37363909,4035,7068,95065,11648,11763
4,VEGFAg2 OT17,02.08.18,NP_180208_V2_GFP_3_VEGFg2_OT17_S99_R1_001.fastqwtf-difflib_indels.csv,VEGFAg2_GFP_3, + + -,10.61683479,10.68849567,4786,8939,108846,11556,11634
4,VEGFAg2 OT17,02.08.18,NP_180208_V2_d17_1_VEGFg2_OT17_S100_R1_001.fastqwtf-difflib_indels.csv,VEGFAg2_OT17d8_1, + + 8,1.108999925,1.112762435,4787,13612,106312,1179,1183
4,VEGFAg2 OT17,02.08.18,NP_180208_V2_d17_2_VEGFg2_OT17_S101_R1_001.fastqwtf-difflib_indels.csv,VEGFAg2_OT17d8_2, + + 8,1.30072387,1.310691103,3905,13060,80263,1044,1052
4,VEGFAg2 OT17,02.08.18,NP_180208_V2_d17_3_VEGFg2_OT17_S102_R1_001.fastqwtf-difflib_indels.csv,VEGFAg2_OT17d8_3, + + 8,1.204885607,1.20960448,6594,12550,127149,1532,1538
4,VEGFAg2 OT17,02.08.18,NP_180208_V2_dnon_1_VEGFg2_OT17_S103_R1_001.fastqwtf-difflib_indels.csv,VEGFAg2_dNT_1, + + dNT,7.586995786,7.619506321,3739,10400,83050,6301,6328
4,VEGFAg2 OT17,02.08.18,NP_180208_V2_dnon_2_VEGFg2_OT17_S104_R1_001.fastqwtf-difflib_indels.csv,VEGFAg2_dNT_2, + + dNT,7.952512604,8.00255201,3160,7854,79937,6357,6397
4,VEGFAg2 OT17,02.08.18,NP_180208_V2_dnon_3_VEGFg2_OT17_S105_R1_001.fastqwtf-difflib_indels.csv,VEGFAg2_dNT_3, + + dNT,8.00954482,8.068074378,3842,8500,88844,7116,7168
4,VEGFAg2 OT17,02.08.18,NP_180208_NT_1_VEGFg2_OT17_S106_R1_001.fastqwtf-difflib_indels.csv,NT_1, - - -,0.015768943,0.015768943,4876,9203,120490,19,19
4,VEGFAg2 OT17,02.08.18,NP_180208_NT_2_VEGFg2_OT17_S107_R1_001.fastqwtf-difflib_indels.csv,NT_2, - - -,0.013312772,0.013312772,3711,8769,90139,12,12
4,VEGFAg2 OT17,02.08.18,NP_180208_NT_3_VEGFg2_OT17_S108_R1_001.fastqwtf-difflib_indels.csv,NT_3, - - -,0.02161286,0.02161286,3270,8724,74030,16,16
5,VEGFAg3 ON,02.08.18,NP_180208_V3_GFP_1_VEGFg3_ON_S1_R1_001.fastqwtf-difflib_indels.csv,VEGFAg3_GFP_1, + + -,28.08823529,28.16176471,59,78,1360,382,383
5,VEGFAg3 ON,02.08.18,NP_180208_V3_GFP_2_VEGFg3_ON_S2_R1_001.fastqwtf-difflib_indels.csv,VEGFAg3_GFP_2, + + -,30.22123894,30.23107178,978,656,20340,6147,6149
5,VEGFAg3 ON,02.08.18,NP_180208_V3_GFP_3_VEGFg3_ON_S3_R1_001.fastqwtf-difflib_indels.csv,VEGFAg3_GFP_3, + + -,31.35107958,31.37621854,1725,1328,35801,11224,11233
5,VEGFAg3 ON,02.08.18,NP_180208_V3_d2_1_VEGFg3_ON_S4_R1_001.fastqwtf-difflib_indels.csv,VEGFAg3_OT2d2_1, + + 2,32.48998524,32.5068522,1027,851,23715,7705,7709
5,VEGFAg3 ON,02.08.18,NP_180208_V3_d2_2_VEGFg3_ON_S5_R1_001.fastqwtf-difflib_indels.csv,VEGFAg3_OT2d2_2, + + 2,38.68376068,38.72934473,828,473,17550,6789,6797
5,VEGFAg3 ON,02.08.18,NP_180208_V3_d2_3_VEGFg3_ON_S6_R1_001.fastqwtf-difflib_indels.csv,VEGFAg3_OT2d2_3, + + 2,34.81721926,34.85972641,1176,746,25878,9010,9021
5,VEGFAg3 ON,02.08.18,NP_180208_V3_dnon_1_VEGFg3_ON_S13_R1_001.fastqwtf-difflib_indels.csv,VEGFAg3_dNT_1, + + dNT,31.25377188,31.27640314,625,430,13256,4143,4146
5,VEGFAg3 ON,02.08.18,NP_180208_V3_dnon_2_VEGFg3_ON_S14_R1_001.fastqwtf-difflib_indels.csv,VEGFAg3_dNT_2, + + dNT,29.87654321,29.89026063,388,233,7290,2178,2179
5,VEGFAg3 ON,02.08.18,NP_180208_V3_dnon_3_VEGFg3_ON_S15_R1_001.fastqwtf-difflib_indels.csv,VEGFAg3_dNT_3, + + dNT,28.01507538,28.03302225,313,200,5572,1561,1562
5,VEGFAg3 ON,02.08.18,NP_180208_NT_1_VEGFg3_ON_S16_R1_001.fastqwtf-difflib_indels.csv,NT_1, - - -,0.026745119,0.040117679,308,225,7478,2,3
5,VEGFAg3 ON,02.08.18,NP_180208_NT_2_VEGFg3_ON_S17_R1_001.fastqwtf-difflib_indels.csv,NT_2, - - -,0.031806616,0.031806616,328,179,6288,2,2
5,VEGFAg3 ON,02.08.18,NP_180208_NT_3_VEGFg3_ON_S18_R1_001.fastqwtf-difflib_indels.csv,NT_3, - - -,0.085338795,0.085338795,266,201,5859,5,5
5,VEGFAg3 OT2,02.08.18,NP_180208_V3_GFP_1_VEGFg3_OT2_S19_R1_001.fastqwtf-difflib_indels.csv,VEGFAg3_GFP_1, + + -,19.31304909,19.60589666,19722,11802,40294,7782,7900
5,VEGFAg3 OT2,02.08.18,NP_180208_V3_GFP_2_VEGFg3_OT2_S20_R1_001.fastqwtf-difflib_indels.csv,VEGFAg3_GFP_2, + + -,19.39854136,19.72858198,18311,10720,43328,8405,8548
5,VEGFAg3 OT2,02.08.18,NP_180208_V3_GFP_3_VEGFg3_OT2_S21_R1_001.fastqwtf-difflib_indels.csv,VEGFAg3_GFP_3, + + -,18.82939919,19.14385141,18878,11260,47702,8982,9132
5,VEGFAg3 OT2,02.08.18,NP_180208_V3_d2_1_VEGFg3_OT2_S22_R1_001.fastqwtf-difflib_indels.csv,VEGFAg3_OT2d2_1, + + 2,8.129811859,8.226686381,15014,9024,39226,3189,3227
5,VEGFAg3 OT2,02.08.18,NP_180208_V3_d2_2_VEGFg3_OT2_S23_R1_001.fastqwtf-difflib_indels.csv,VEGFAg3_OT2d2_2, + + 2,10.38481028,10.5308653,12733,7800,33549,3484,3533
5,VEGFAg3 OT2,02.08.18,NP_180208_V3_d2_3_VEGFg3_OT2_S24_R1_001.fastqwtf-difflib_indels.csv,VEGFAg3_OT2d2_3, + + 2,9.581297976,9.748778786,5311,3985,14330,1373,1397
5,VEGFAg3 OT2,02.08.18,NP_180208_V3_dnon_1_VEGFg3_OT2_S25_R1_001.fastqwtf-difflib_indels.csv,VEGFAg3_dNT_1, + + dNT,19.37037867,19.64821869,17745,10649,44630,8645,8769
5,VEGFAg3 OT2,02.08.18,NP_180208_V3_dnon_2_VEGFg3_OT2_S26_R1_001.fastqwtf-difflib_indels.csv,VEGFAg3_dNT_2, + + dNT,19.97478358,20.26077464,26359,15020,65037,12991,13177
5,VEGFAg3 OT2,02.08.18,NP_180208_V3_dnon_3_VEGFg3_OT2_S27_R1_001.fastqwtf-difflib_indels.csv,VEGFAg3_dNT_3, + + dNT,17.76641989,17.98716294,22306,14064,58892,10463,10593
5,VEGFAg3 OT2,02.08.18,NP_180208_NT_1_VEGFg3_OT2_S28_R1_001.fastqwtf-difflib_indels.csv,NT_1, - - -,0.107043071,0.108857361,20024,12785,55118,59,60
5,VEGFAg3 OT2,02.08.18,NP_180208_NT_2_VEGFg3_OT2_S29_R1_001.fastqwtf-difflib_indels.csv,NT_2, - - -,0.076947854,0.082316309,21918,13333,55882,43,46
5,VEGFAg3 OT2,02.08.18,NP_180208_NT_3_VEGFg3_OT2_S30_R1_001.fastqwtf-difflib_indels.csv,NT_3, - - -,0.130225789,0.135971044,20051,13731,52217,68,71
6,VEGFAg3 ON,02.08.18,NP_180208_V3_GFP_1_VEGFg3_ON_S1_R1_001.fastqwtf-difflib_indels.csv,VEGFAg3_GFP_1, + + -,28.08823529,28.16176471,59,78,1360,382,383
6,VEGFAg3 ON,02.08.18,NP_180208_V3_GFP_2_VEGFg3_ON_S2_R1_001.fastqwtf-difflib_indels.csv,VEGFAg3_GFP_2, + + -,30.22123894,30.23107178,978,656,20340,6147,6149
6,VEGFAg3 ON,02.08.18,NP_180208_V3_GFP_3_VEGFg3_ON_S3_R1_001.fastqwtf-difflib_indels.csv,VEGFAg3_GFP_3, + + -,31.35107958,31.37621854,1725,1328,35801,11224,11233
6,VEGFAg3 ON,02.08.18,NP_180208_V3_d4_1_VEGFg3_ON_S7_R1_001.fastqwtf-difflib_indels.csv,VEGFAg3_OT4d1_1, + + 1,28.99833979,29.05368013,1483,988,30719,8908,8925
6,VEGFAg3 ON,02.08.18,NP_180208_V3_d4_2_VEGFg3_ON_S8_R1_001.fastqwtf-difflib_indels.csv,VEGFAg3_OT4d1_2, + + 1,27.92164804,27.94501344,1185,709,25679,7170,7176
6,VEGFAg3 ON,02.08.18,NP_180208_V3_d4_3_VEGFg3_ON_S9_R1_001.fastqwtf-difflib_indels.csv,VEGFAg3_OT4d1_3, + + 1,26.23793018,26.26268878,772,476,16156,4239,4243
6,VEGFAg3 ON,02.08.18,NP_180208_V3_dnon_1_VEGFg3_ON_S13_R1_001.fastqwtf-difflib_indels.csv,VEGFAg3_dNT_1, + + dNT,31.25377188,31.27640314,625,430,13256,4143,4146
6,VEGFAg3 ON,02.08.18,NP_180208_V3_dnon_2_VEGFg3_ON_S14_R1_001.fastqwtf-difflib_indels.csv,VEGFAg3_dNT_2, + + dNT,29.87654321,29.89026063,388,233,7290,2178,2179
6,VEGFAg3 ON,02.08.18,NP_180208_V3_dnon_3_VEGFg3_ON_S15_R1_001.fastqwtf-difflib_indels.csv,VEGFAg3_dNT_3, + + dNT,28.01507538,28.03302225,313,200,5572,1561,1562
6,VEGFAg3 ON,02.08.18,NP_180208_NT_1_VEGFg3_ON_S16_R1_001.fastqwtf-difflib_indels.csv,NT_1, - - -,0.026745119,0.040117679,308,225,7478,2,3
6,VEGFAg3 ON,02.08.18,NP_180208_NT_2_VEGFg3_ON_S17_R1_001.fastqwtf-difflib_indels.csv,NT_2, - - -,0.031806616,0.031806616,328,179,6288,2,2
6,VEGFAg3 ON,02.08.18,NP_180208_NT_3_VEGFg3_ON_S18_R1_001.fastqwtf-difflib_indels.csv,NT_3, - - -,0.085338795,0.085338795,266,201,5859,5,5
6,VEGFAg3 OT4,02.08.18,NP_180208_V3_GFP_1_VEGFg3_OT4_S31_R1_001.fastqwtf-difflib_indels.csv,VEGFAg3_GFP_1, + + -,8.059016514,8.067310528,9685,11266,108512,8745,8754
6,VEGFAg3 OT4,02.08.18,NP_180208_V3_GFP_2_VEGFg3_OT4_S32_R1_001.fastqwtf-difflib_indels.csv,VEGFAg3_GFP_2, + + -,7.64778218,7.656477077,8679,22392,80507,6157,6164
6,VEGFAg3 OT4,02.08.18,NP_180208_V3_GFP_3_VEGFg3_OT4_S33_R1_001.fastqwtf-difflib_indels.csv,VEGFAg3_GFP_3, + + -,8.396448969,8.399553017,3803,6448,32216,2705,2706
6,VEGFAg3 OT4,02.08.18,NP_180208_V3_d4_1_VEGFg3_OT4_S34_R1_001.fastqwtf-difflib_indels.csv,VEGFAg3_OT4d1_1, + + 1,1.594998597,1.594998597,2868,8855,24953,398,398
6,VEGFAg3 OT4,02.08.18,NP_180208_V3_d4_2_VEGFg3_OT4_S35_R1_001.fastqwtf-difflib_indels.csv,VEGFAg3_OT4d1_2, + + 1,1.541239604,1.541239604,4170,9873,39319,606,606
6,VEGFAg3 OT4,02.08.18,NP_180208_V3_d4_3_VEGFg3_OT4_S36_R1_001.fastqwtf-difflib_indels.csv,VEGFAg3_OT4d1_3, + + 1,1.719813687,1.719813687,2298,5813,19537,336,336
6,VEGFAg3 OT4,02.08.18,NP_180208_V3_dnon_1_VEGFg3_OT4_S37_R1_001.fastqwtf-difflib_indels.csv,VEGFAg3_dNT_1, + + dNT,7.633493649,7.633493649,3534,14721,24327,1857,1857
6,VEGFAg3 OT4,02.08.18,NP_180208_V3_dnon_2_VEGFg3_OT4_S38_R1_001.fastqwtf-difflib_indels.csv,VEGFAg3_dNT_2, + + dNT,7.936367965,7.941658877,6335,21055,56701,4500,4503
6,VEGFAg3 OT4,02.08.18,NP_180208_V3_dnon_3_VEGFg3_OT4_S39_R1_001.fastqwtf-difflib_indels.csv,VEGFAg3_dNT_3, + + dNT,7.747856711,7.751414037,3969,11285,28111,2178,2179
6,VEGFAg3 OT4,02.08.18,NP_180208_NT_1_VEGFg3_OT4_S40_R1_001.fastqwtf-difflib_indels.csv,NT_1, - - -,0.002868453,0.005736906,3727,10406,34862,1,2
6,VEGFAg3 OT4,02.08.18,NP_180208_NT_2_VEGFg3_OT4_S41_R1_001.fastqwtf-difflib_indels.csv,NT_2, - - -,0.025628321,0.02904543,6226,12397,58529,15,17
6,VEGFAg3 OT4,02.08.18,NP_180208_NT_3_VEGFg3_OT4_S42_R1_001.fastqwtf-difflib_indels.csv,NT_3, - - -,0.015908828,0.015908828,7284,18992,69144,11,11
7,VEGFAg3 ON,02.08.18,NP_180208_V3_GFP_1_VEGFg3_ON_S1_R1_001.fastqwtf-difflib_indels.csv,VEGFAg3_GFP_1, + + -,28.08823529,28.16176471,59,78,1360,382,383
7,VEGFAg3 ON,02.08.18,NP_180208_V3_GFP_2_VEGFg3_ON_S2_R1_001.fastqwtf-difflib_indels.csv,VEGFAg3_GFP_2, + + -,30.22123894,30.23107178,978,656,20340,6147,6149
7,VEGFAg3 ON,02.08.18,NP_180208_V3_GFP_3_VEGFg3_ON_S3_R1_001.fastqwtf-difflib_indels.csv,VEGFAg3_GFP_3, + + -,31.35107958,31.37621854,1725,1328,35801,11224,11233
7,VEGFAg3 ON,02.08.18,NP_180208_V3_d18_1_VEGFg3_ON_S10_R1_001.fastqwtf-difflib_indels.csv,VEGFAg3_OT18d5_1, + + 5,29.61073642,29.64497244,1356,863,29209,8649,8659
7,VEGFAg3 ON,02.08.18,NP_180208_V3_d18_2_VEGFg3_ON_S11_R1_001.fastqwtf-difflib_indels.csv,VEGFAg3_OT18d5_2, + + 5,33.36142369,33.39116641,963,724,20173,6730,6736
7,VEGFAg3 ON,02.08.18,NP_180208_V3_d18_3_VEGFg3_ON_S12_R1_001.fastqwtf-difflib_indels.csv,VEGFAg3_OT18d5_3, + + 5,31.21789561,31.30074565,566,461,12070,3768,3778
7,VEGFAg3 ON,02.08.18,NP_180208_V3_dnon_1_VEGFg3_ON_S13_R1_001.fastqwtf-difflib_indels.csv,VEGFAg3_dNT_1, + + dNT,31.25377188,31.27640314,625,430,13256,4143,4146
7,VEGFAg3 ON,02.08.18,NP_180208_V3_dnon_2_VEGFg3_ON_S14_R1_001.fastqwtf-difflib_indels.csv,VEGFAg3_dNT_2, + + dNT,29.87654321,29.89026063,388,233,7290,2178,2179
7,VEGFAg3 ON,02.08.18,NP_180208_V3_dnon_3_VEGFg3_ON_S15_R1_001.fastqwtf-difflib_indels.csv,VEGFAg3_dNT_3, + + dNT,28.01507538,28.03302225,313,200,5572,1561,1562
7,VEGFAg3 ON,02.08.18,NP_180208_NT_1_VEGFg3_ON_S16_R1_001.fastqwtf-difflib_indels.csv,NT_1, - - -,0.026745119,0.040117679,308,225,7478,2,3
7,VEGFAg3 ON,02.08.18,NP_180208_NT_2_VEGFg3_ON_S17_R1_001.fastqwtf-difflib_indels.csv,NT_2, - - -,0.031806616,0.031806616,328,179,6288,2,2
7,VEGFAg3 ON,02.08.18,NP_180208_NT_3_VEGFg3_ON_S18_R1_001.fastqwtf-difflib_indels.csv,NT_3, - - -,0.085338795,0.085338795,266,201,5859,5,5
7,VEGFAg3 OT18,02.08.18,NP_180208_V3_GFP_1_VEGFg3_OT18_S43_R1_001.fastqwtf-difflib_indels.csv,VEGFAg3_GFP_1, + + -,13.80314317,13.80790315,3307,3857,126051,17399,17405
7,VEGFAg3 OT18,02.08.18,NP_180208_V3_GFP_2_VEGFg3_OT18_S44_R1_001.fastqwtf-difflib_indels.csv,VEGFAg3_GFP_2, + + -,13.28444881,13.29168501,4663,6884,165833,22030,22042
7,VEGFAg3 OT18,02.08.18,NP_180208_V3_GFP_3_VEGFg3_OT18_S45_R1_001.fastqwtf-difflib_indels.csv,VEGFAg3_GFP_3, + + -,13.51892637,13.52266984,4842,5874,160279,21668,21674
7,VEGFAg3 OT18,02.08.18,NP_180208_V3_d18_1_VEGFg3_OT18_S46_R1_001.fastqwtf-difflib_indels.csv,VEGFAg3_OT18d5_1, + + 5,8.585816976,8.59302589,2698,3539,97102,8337,8344
7,VEGFAg3 OT18,02.08.18,NP_180208_V3_d18_2_VEGFg3_OT18_S47_R1_001.fastqwtf-difflib_indels.csv,VEGFAg3_OT18d5_2, + + 5,9.688397098,9.688397098,2483,3465,95795,9281,9281
7,VEGFAg3 OT18,02.08.18,NP_180208_V3_d18_3_VEGFg3_OT18_S48_R1_001.fastqwtf-difflib_indels.csv,VEGFAg3_OT18d5_3, + + 5,8.615259575,8.618646077,2373,2521,88587,7632,7635
7,VEGFAg3 OT18,02.08.18,NP_180208_V3_dnon_1_VEGFg3_OT18_S49_R1_001.fastqwtf-difflib_indels.csv,VEGFAg3_dNT_1, + + dNT,12.7733134,12.78032144,1239,2359,42808,5468,5471
7,VEGFAg3 OT18,02.08.18,NP_180208_V3_dnon_2_VEGFg3_OT18_S50_R1_001.fastqwtf-difflib_indels.csv,VEGFAg3_dNT_2, + + dNT,12.40953039,12.41429718,2876,3408,125871,15620,15626
7,VEGFAg3 OT18,02.08.18,NP_180208_V3_dnon_3_VEGFg3_OT18_S51_R1_001.fastqwtf-difflib_indels.csv,VEGFAg3_dNT_3, + + dNT,12.7974997,12.82168796,4769,9649,157101,20105,20143
7,VEGFAg3 OT18,02.08.18,NP_180208_NT_1_VEGFg3_OT18_S52_R1_001.fastqwtf-difflib_indels.csv,NT_1, - - -,0.001175275,0.002350549,4889,8149,170173,2,4
7,VEGFAg3 OT18,02.08.18,NP_180208_NT_2_VEGFg3_OT18_S53_R1_001.fastqwtf-difflib_indels.csv,NT_2, - - -,0.00059997,0.00299985,4473,5132,166675,1,5
7,VEGFAg3 OT18,02.08.18,NP_180208_NT_3_VEGFg3_OT18_S54_R1_001.fastqwtf-difflib_indels.csv,NT_3, - - -,0.002892863,0.005785726,7638,8066,207407,6,12
8,ZSCAN2g1 ON,02.08.18,NP_180208_Z_GFP_1_ZSCAN2g1_ON_S109_R1_001.fastqwtf-difflib_indels.csv,ZSCAN2g1_GFP_1, + + -,26.91264521,26.98301008,4678,5890,78164,21036,21091
8,ZSCAN2g1 ON,02.08.18,NP_180208_Z_GFP_2_ZSCAN2g1_ON_S110_R1_001.fastqwtf-difflib_indels.csv,ZSCAN2g1_GFP_2, + + -,25.00538246,25.06228278,7599,9419,130052,32520,32594
8,ZSCAN2g1 ON,02.08.18,NP_180208_Z_GFP_3_ZSCAN2g1_ON_S111_R1_001.fastqwtf-difflib_indels.csv,ZSCAN2g1_GFP_3, + + -,23.85570395,23.9114844,6829,4025,125492,29937,30007
8,ZSCAN2g1 ON,02.08.18,NP_180208_Z_d1_1_ZSCAN2g1_ON_S112_R1_001.fastqwtf-difflib_indels.csv,ZSCAN2g1_OT1d3_1, + + 3,20.39350913,20.43948614,4499,8889,73950,15081,15115
8,ZSCAN2g1 ON,02.08.18,NP_180208_Z_d1_2_ZSCAN2g1_ON_S113_R1_001.fastqwtf-difflib_indels.csv,ZSCAN2g1_OT1d3_2, + + 3,23.2991906,23.34216747,7884,5891,139610,32528,32588
8,ZSCAN2g1 ON,02.08.18,NP_180208_Z_d1_3_ZSCAN2g1_ON_S114_R1_001.fastqwtf-difflib_indels.csv,ZSCAN2g1_OT1d3_3, + + 3,19.1758012,19.21313581,7407,4854,133924,25681,25731
8,ZSCAN2g1 ON,02.08.18,NP_180208_Z_dnon_1_ZSCAN2g1_ON_S118_R1_001.fastqwtf-difflib_indels.csv,ZSCAN2g1_dNT_1, + + dNT,20.86754997,20.89286758,8521,5615,154043,32145,32184
8,ZSCAN2g1 ON,02.08.18,NP_180208_Z_dnon_2_ZSCAN2g1_ON_S119_R1_001.fastqwtf-difflib_indels.csv,ZSCAN2g1_dNT_2, + + dNT,22.83226105,22.86140831,8508,4771,140665,32117,32158
8,ZSCAN2g1 ON,02.08.18,NP_180208_Z_dnon_3_ZSCAN2g1_ON_S120_R1_001.fastqwtf-difflib_indels.csv,ZSCAN2g1_dNT_3, + + dNT,23.55895903,23.58900479,6983,5092,129802,30580,30619
8,ZSCAN2g1 ON,02.08.18,NP_180208_NT_1_ZSCAN2g1_ON_S121_R1_001.fastqwtf-difflib_indels.csv,NT_1, - - -,0.495396819,0.498260384,7917,4526,139686,692,696
8,ZSCAN2g1 ON,02.08.18,NP_180208_NT_2_ZSCAN2g1_ON_S122_R1_001.fastqwtf-difflib_indels.csv,NT_2, - - -,0.285083213,0.285725293,7639,4706,155744,444,445
8,ZSCAN2g1 ON,02.08.18,NP_180208_NT_3_ZSCAN2g1_ON_S123_R1_001.fastqwtf-difflib_indels.csv,NT_3, - - -,0.481998101,0.48362099,6762,4191,123237,594,596
8,ZSCAN2g1 OT1,02.08.18,NP_180208_Z_GFP_1_ZSCAN2g1_OT1_S124_R1_001.fastqwtf-difflib_indels.csv,ZSCAN2g1_GFP_1, + + -,12.09283388,12.14983713,9438,67598,12280,1485,1492
8,ZSCAN2g1 OT1,02.08.18,NP_180208_Z_GFP_2_ZSCAN2g1_OT1_S125_R1_001.fastqwtf-difflib_indels.csv,ZSCAN2g1_GFP_2, + + -,12.12486851,12.15580719,11550,70347,32322,3919,3929
8,ZSCAN2g1 OT1,02.08.18,NP_180208_Z_GFP_3_ZSCAN2g1_OT1_S126_R1_001.fastqwtf-difflib_indels.csv,ZSCAN2g1_GFP_3, + + -,10.45740147,10.51891559,11098,72365,22759,2380,2394
8,ZSCAN2g1 OT1,02.08.18,NP_180208_Z_d1_1_ZSCAN2g1_OT1_S127_R1_001.fastqwtf-difflib_indels.csv,ZSCAN2g1_OT1d3_1, + + 3,0.643915003,0.643915003,12313,71651,26401,170,170
8,ZSCAN2g1 OT1,02.08.18,NP_180208_Z_d1_2_ZSCAN2g1_OT1_S128_R1_001.fastqwtf-difflib_indels.csv,ZSCAN2g1_OT1d3_2, + + 3,0.667330978,0.667330978,11322,80482,33117,221,221
8,ZSCAN2g1 OT1,02.08.18,NP_180208_Z_d1_3_ZSCAN2g1_OT1_S129_R1_001.fastqwtf-difflib_indels.csv,ZSCAN2g1_OT1d3_3, + + 3,0.718754655,0.729927007,14166,47880,26852,193,196
8,ZSCAN2g1 OT1,02.08.18,NP_180208_Z_dnon_1_ZSCAN2g1_OT1_S130_R1_001.fastqwtf-difflib_indels.csv,ZSCAN2g1_dNT_1, + + dNT,6.951154053,6.964573269,7874,49892,7452,518,519
8,ZSCAN2g1 OT1,02.08.18,NP_180208_Z_dnon_2_ZSCAN2g1_OT1_S131_R1_001.fastqwtf-difflib_indels.csv,ZSCAN2g1_dNT_2, + + dNT,8.154560677,8.167198509,13475,87000,31651,2581,2585
8,ZSCAN2g1 OT1,02.08.18,NP_180208_Z_dnon_3_ZSCAN2g1_OT1_S132_R1_001.fastqwtf-difflib_indels.csv,ZSCAN2g1_dNT_3, + + dNT,8.111849391,8.176448874,10934,69755,10836,879,886
8,ZSCAN2g1 OT1,02.08.18,NP_180208_NT_1_ZSCAN2g1_OT1_S133_R1_001.fastqwtf-difflib_indels.csv,NT_1, - - -,0.114913177,0.114913177,12759,83486,39160,45,45
8,ZSCAN2g1 OT1,02.08.18,NP_180208_NT_2_ZSCAN2g1_OT1_S134_R1_001.fastqwtf-difflib_indels.csv,NT_2, - - -,0.006248959,0.006248959,16569,122120,48008,3,3
8,ZSCAN2g1 OT1,02.08.18,NP_180208_NT_3_ZSCAN2g1_OT1_S135_R1_001.fastqwtf-difflib_indels.csv,NT_3, - - -,0.00525348,0.00525348,14416,66776,19035,1,1
9,ZSCAN2g1 ON,02.08.18,NP_180208_Z_GFP_1_ZSCAN2g1_ON_S109_R1_001.fastqwtf-difflib_indels.csv,ZSCAN2g1_GFP_1, + + -,26.91264521,26.98301008,4678,5890,78164,21036,21091
9,ZSCAN2g1 ON,02.08.18,NP_180208_Z_GFP_2_ZSCAN2g1_ON_S110_R1_001.fastqwtf-difflib_indels.csv,ZSCAN2g1_GFP_2, + + -,25.00538246,25.06228278,7599,9419,130052,32520,32594
9,ZSCAN2g1 ON,02.08.18,NP_180208_Z_GFP_3_ZSCAN2g1_ON_S111_R1_001.fastqwtf-difflib_indels.csv,ZSCAN2g1_GFP_3, + + -,23.85570395,23.9114844,6829,4025,125492,29937,30007
9,ZSCAN2g1 ON,02.08.18,NP_180208_Z_d2_1_ZSCAN2g1_ON_S115_R1_001.fastqwtf-difflib_indels.csv,ZSCAN2g1_OT2d1s_1, + + 1s,25.97871592,26.0138698,6878,5139,125164,32516,32560
9,ZSCAN2g1 ON,02.08.18,NP_180208_Z_d2_2_ZSCAN2g1_ON_S116_R1_001.fastqwtf-difflib_indels.csv,ZSCAN2g1_OT2d1s_2, + + 1s,26.40910679,26.45423314,8634,6273,137392,36284,36346
9,ZSCAN2g1 ON,02.08.18,NP_180208_Z_d2_3_ZSCAN2g1_ON_S117_R1_001.fastqwtf-difflib_indels.csv,ZSCAN2g1_OT2d1s_3, + + 1s,22.61523004,22.65674354,9057,5397,166211,37589,37658
9,ZSCAN2g1 ON,02.08.18,NP_180208_Z_dnon_1_ZSCAN2g1_ON_S118_R1_001.fastqwtf-difflib_indels.csv,ZSCAN2g1_dNT_1, + + dNT,20.86754997,20.89286758,8521,5615,154043,32145,32184
9,ZSCAN2g1 ON,02.08.18,NP_180208_Z_dnon_2_ZSCAN2g1_ON_S119_R1_001.fastqwtf-difflib_indels.csv,ZSCAN2g1_dNT_2, + + dNT,22.83226105,22.86140831,8508,4771,140665,32117,32158
9,ZSCAN2g1 ON,02.08.18,NP_180208_Z_dnon_3_ZSCAN2g1_ON_S120_R1_001.fastqwtf-difflib_indels.csv,ZSCAN2g1_dNT_3, + + dNT,23.55895903,23.58900479,6983,5092,129802,30580,30619
9,ZSCAN2g1 ON,02.08.18,NP_180208_NT_1_ZSCAN2g1_ON_S121_R1_001.fastqwtf-difflib_indels.csv,NT_1, - - -,0.495396819,0.498260384,7917,4526,139686,692,696
9,ZSCAN2g1 ON,02.08.18,NP_180208_NT_2_ZSCAN2g1_ON_S122_R1_001.fastqwtf-difflib_indels.csv,NT_2, - - -,0.285083213,0.285725293,7639,4706,155744,444,445
9,ZSCAN2g1 ON,02.08.18,NP_180208_NT_3_ZSCAN2g1_ON_S123_R1_001.fastqwtf-difflib_indels.csv,NT_3, - - -,0.481998101,0.48362099,6762,4191,123237,594,596
9,ZSCAN2g1 OT2,02.08.18,NP_180208_Z_GFP_1_ZSCAN2g1_OT2_S136_R1_001.fastqwtf-difflib_indels.csv,ZSCAN2g1_GFP_1, + + -,1.388646119,1.388646119,2673,11838,51489,715,715
9,ZSCAN2g1 OT2,02.08.18,NP_180208_Z_GFP_2_ZSCAN2g1_OT2_S137_R1_001.fastqwtf-difflib_indels.csv,ZSCAN2g1_GFP_2, + + -,1.473778283,1.47459073,6636,26079,123085,1814,1815
9,ZSCAN2g1 OT2,02.08.18,NP_180208_Z_GFP_3_ZSCAN2g1_OT2_S138_R1_001.fastqwtf-difflib_indels.csv,ZSCAN2g1_GFP_3, + + -,1.222120165,1.22562596,6157,21535,142621,1743,1748
9,ZSCAN2g1 OT2,02.08.18,NP_180208_Z_d2_1_ZSCAN2g1_OT2_S139_R1_001.fastqwtf-difflib_indels.csv,ZSCAN2g1_OT2d1s_1, + + 1s,0.007805952,0.008627631,8219,15303,243404,19,21
9,ZSCAN2g1 OT2,02.08.18,NP_180208_Z_d2_2_ZSCAN2g1_OT2_S140_R1_001.fastqwtf-difflib_indels.csv,ZSCAN2g1_OT2d1s_2, + + 1s,0.009467052,0.009940405,6376,11924,211259,20,21
9,ZSCAN2g1 OT2,02.08.18,NP_180208_Z_d2_3_ZSCAN2g1_OT2_S141_R1_001.fastqwtf-difflib_indels.csv,ZSCAN2g1_OT2d1s_3, + + 1s,0,0.000594438,6297,16455,168226,0,1
9,ZSCAN2g1 OT2,02.08.18,NP_180208_Z_dnon_1_ZSCAN2g1_OT2_S142_R1_001.fastqwtf-difflib_indels.csv,ZSCAN2g1_dNT_1, + + dNT,0.994717092,0.996345107,4543,15363,122849,1222,1224
9,ZSCAN2g1 OT2,02.08.18,NP_180208_Z_dnon_2_ZSCAN2g1_OT2_S143_R1_001.fastqwtf-difflib_indels.csv,ZSCAN2g1_dNT_2, + + dNT,1.086946861,1.089613125,4305,13701,112517,1223,1226
9,ZSCAN2g1 OT2,02.08.18,NP_180208_Z_dnon_3_ZSCAN2g1_OT2_S144_R1_001.fastqwtf-difflib_indels.csv,ZSCAN2g1_dNT_3, + + dNT,0.959658498,0.959658498,2341,6209,61376,589,589
9,ZSCAN2g1 OT2,02.08.18,NP_180208_NT_1_ZSCAN2g1_OT2_S145_R1_001.fastqwtf-difflib_indels.csv,NT_1, - - -,0.001248751,0.003746254,6871,6789,80080,1,3
9,ZSCAN2g1 OT2,02.08.18,NP_180208_NT_2_ZSCAN2g1_OT2_S146_R1_001.fastqwtf-difflib_indels.csv,NT_2, - - -,0.012320835,0.012320835,2791,4948,48698,6,6
9,ZSCAN2g1 OT2,02.08.18,NP_180208_NT_3_ZSCAN2g1_OT2_S147_R1_001.fastqwtf-difflib_indels.csv,NT_3, - - -,0.001053408,0.003160223,5625,8610,94930,1,3
10,VEGFAg1 ON,03.20.18,NP_180320_V1_GFP_1_VEGFg1_ON_S726_R1_001.fastqwtf-difflib_indels.csv,VEGFAg1_GFP_1, + + -,13.26116373,13.28049488,112119,1558,5173,686,687
10,VEGFAg1 ON,03.20.18,NP_180320_V1_GFP_2_VEGFg1_ON_S727_R1_001.fastqwtf-difflib_indels.csv,VEGFAg1_GFP_2, + + -,10.20968058,10.2292769,103887,2343,5103,521,522
10,VEGFAg1 ON,03.20.18,NP_180320_V1_GFP_3_VEGFg1_ON_S728_R1_001.fastqwtf-difflib_indels.csv,VEGFAg1_GFP_3, + + -,5.43100116,5.43100116,87394,2195,5174,281,281
10,VEGFAg1 ON,03.20.18,NP_180320_V1_d1_1_VEGFg1_ON_S729_R1_001.fastqwtf-difflib_indels.csv,VEGFAg1_OT1d2_1, + + 2,8.824768324,8.845829823,74031,2581,4748,419,420
10,VEGFAg1 ON,03.20.18,NP_180320_V1_d1_2_VEGFg1_ON_S730_R1_001.fastqwtf-difflib_indels.csv,VEGFAg1_OT1d2_2, + + 2,10.44978435,10.47443007,112797,3350,8115,848,850
10,VEGFAg1 ON,03.20.18,NP_180320_V1_d1_3_VEGFg1_ON_S731_R1_001.fastqwtf-difflib_indels.csv,VEGFAg1_OT1d2_3, + + 2,5.606150207,5.606150207,111759,2732,8455,474,474
10,VEGFAg1 ON,03.20.18,NP_180320_V1_dnon_1_VEGFg1_ON_S738_R1_001.fastqwtf-difflib_indels.csv,VEGFAg1_dNT_1, + + dNT,5.082095387,5.082095387,62032,1429,3837,195,195
10,VEGFAg1 ON,03.20.18,NP_180320_V1_dnon_2_VEGFg1_ON_S739_R1_001.fastqwtf-difflib_indels.csv,VEGFAg1_dNT_2, + + dNT,7.024793388,7.041322314,93597,2182,6050,425,426
10,VEGFAg1 ON,03.20.18,NP_180320_V1_dnon_3_VEGFg1_ON_S740_R1_001.fastqwtf-difflib_indels.csv,VEGFAg1_dNT_3, + + dNT,11.51854154,11.60140874,83091,1761,4827,556,560
10,VEGFAg1 ON,03.20.18,NP_180320_NT_1_VEGFg1_ON_S741_R1_001.fastqwtf-difflib_indels.csv,NT_1, - - -,0,0,93519,1881,5524,0,0
10,VEGFAg1 ON,03.20.18,NP_180320_NT_2_VEGFg1_ON_S742_R1_001.fastqwtf-difflib_indels.csv,NT_2, - - -,0,0.022665458,141146,2854,8824,0,2
10,VEGFAg1 ON,03.20.18,NP_180320_NT_3_VEGFg1_ON_S743_R1_001.fastqwtf-difflib_indels.csv,NT_3, - - -,0,0,125437,2096,4887,0,0
10,VEGFAg1 OT1,03.20.18,NP_180320_V1_GFP_1_VEGFg1_OT1_S744_R1_001.fastqwtf-difflib_indels.csv,VEGFAg1_GFP_1, + + -,7.832470341,7.832470341,24662,1457,15257,1195,1195
10,VEGFAg1 OT1,03.20.18,NP_180320_V1_GFP_2_VEGFg1_OT1_S745_R1_001.fastqwtf-difflib_indels.csv,VEGFAg1_GFP_2, + + -,4.78238901,4.791948325,118465,5505,73227,3502,3509
10,VEGFAg1 OT1,03.20.18,NP_180320_V1_GFP_3_VEGFg1_OT1_S746_R1_001.fastqwtf-difflib_indels.csv,VEGFAg1_GFP_3, + + -,4.061472367,4.084014002,124196,5796,75416,3063,3080
10,VEGFAg1 OT1,03.20.18,NP_180320_V1_d1_1_VEGFg1_OT1_S747_R1_001.fastqwtf-difflib_indels.csv,VEGFAg1_OT1d2_1, + + 2,0.49356067,0.509325508,119511,5785,82462,407,420
10,VEGFAg1 OT1,03.20.18,NP_180320_V1_d1_2_VEGFg1_OT1_S748_R1_001.fastqwtf-difflib_indels.csv,VEGFAg1_OT1d2_2, + + 2,0.447296216,0.454441523,110754,5433,69976,313,318
10,VEGFAg1 OT1,03.20.18,NP_180320_V1_d1_3_VEGFg1_OT1_S749_R1_001.fastqwtf-difflib_indels.csv,VEGFAg1_OT1d2_3, + + 2,0.25228966,0.261487721,124135,5699,76103,192,199
10,VEGFAg1 OT1,03.20.18,NP_180320_V1_dnon_1_VEGFg1_OT1_S750_R1_001.fastqwtf-difflib_indels.csv,VEGFAg1_dNT_1, + + dNT,8.018341613,8.03974016,106656,4910,65425,5246,5260
10,VEGFAg1 OT1,03.20.18,NP_180320_V1_dnon_2_VEGFg1_OT1_S751_R1_001.fastqwtf-difflib_indels.csv,VEGFAg1_dNT_2, + + dNT,7.753089541,7.805240368,109432,4924,63278,4906,4939
10,VEGFAg1 OT1,03.20.18,NP_180320_V1_dnon_3_VEGFg1_OT1_S752_R1_001.fastqwtf-difflib_indels.csv,VEGFAg1_dNT_3, + + dNT,8.956423862,8.971266714,125658,5309,80847,7241,7253
10,VEGFAg1 OT1,03.20.18,NP_180320_NT_1_VEGFg1_OT1_S753_R1_001.fastqwtf-difflib_indels.csv,NT_1, - - -,0.002948548,0.008845644,114586,5038,67830,2,6
10,VEGFAg1 OT1,03.20.18,NP_180320_NT_2_VEGFg1_OT1_S754_R1_001.fastqwtf-difflib_indels.csv,NT_2, - - -,0.004666356,0.006221807,105038,4450,64290,3,4
10,VEGFAg1 OT1,03.20.18,NP_180320_NT_3_VEGFg1_OT1_S755_R1_001.fastqwtf-difflib_indels.csv,NT_3, - - -,0.001611655,0.020951521,108123,5818,62048,1,13
11,VEGFAg1 ON,03.20.18,NP_180320_V1_GFP_1_VEGFg1_ON_S726_R1_001.fastqwtf-difflib_indels.csv,VEGFAg1_GFP_1, + + -,13.26116373,13.28049488,112119,1558,5173,686,687
11,VEGFAg1 ON,03.20.18,NP_180320_V1_GFP_2_VEGFg1_ON_S727_R1_001.fastqwtf-difflib_indels.csv,VEGFAg1_GFP_2, + + -,10.20968058,10.2292769,103887,2343,5103,521,522
11,VEGFAg1 ON,03.20.18,NP_180320_V1_GFP_3_VEGFg1_ON_S728_R1_001.fastqwtf-difflib_indels.csv,VEGFAg1_GFP_3, + + -,5.43100116,5.43100116,87394,2195,5174,281,281
11,VEGFAg1 ON,03.20.18,NP_180320_V1_d6_1_VEGFg1_ON_S732_R1_001.fastqwtf-difflib_indels.csv,VEGFAg1_OT6d4_1, + + 4,5.667393256,5.667393256,141526,3456,7799,442,442
11,VEGFAg1 ON,03.20.18,NP_180320_V1_d6_2_VEGFg1_ON_S733_R1_001.fastqwtf-difflib_indels.csv,VEGFAg1_OT6d4_2, + + 4,5.599626692,5.634624358,144160,3536,8572,480,483
11,VEGFAg1 ON,03.20.18,NP_180320_V1_d6_3_VEGFg1_ON_S734_R1_001.fastqwtf-difflib_indels.csv,VEGFAg1_OT6d4_3, + + 4,5.516014235,5.516014235,136560,3116,6744,372,372
11,VEGFAg1 ON,03.20.18,NP_180320_V1_dnon_1_VEGFg1_ON_S738_R1_001.fastqwtf-difflib_indels.csv,VEGFAg1_dNT_1, + + dNT,5.082095387,5.082095387,62032,1429,3837,195,195
11,VEGFAg1 ON,03.20.18,NP_180320_V1_dnon_2_VEGFg1_ON_S739_R1_001.fastqwtf-difflib_indels.csv,VEGFAg1_dNT_2, + + dNT,7.024793388,7.041322314,93597,2182,6050,425,426
11,VEGFAg1 ON,03.20.18,NP_180320_V1_dnon_3_VEGFg1_ON_S740_R1_001.fastqwtf-difflib_indels.csv,VEGFAg1_dNT_3, + + dNT,11.51854154,11.60140874,83091,1761,4827,556,560
11,VEGFAg1 ON,03.20.18,NP_180320_NT_1_VEGFg1_ON_S741_R1_001.fastqwtf-difflib_indels.csv,NT_1, - - -,0,0,93519,1881,5524,0,0
11,VEGFAg1 ON,03.20.18,NP_180320_NT_2_VEGFg1_ON_S742_R1_001.fastqwtf-difflib_indels.csv,NT_2, - - -,0,0.022665458,141146,2854,8824,0,2
11,VEGFAg1 ON,03.20.18,NP_180320_NT_3_VEGFg1_ON_S743_R1_001.fastqwtf-difflib_indels.csv,NT_3, - - -,0,0,125437,2096,4887,0,0
11,VEGFAg1 OT6,03.20.18,NP_180320_V1_GFP_1_VEGFg1_OT6_S756_R1_001.fastqwtf-difflib_indels.csv,VEGFAg1_GFP_1, + + -,0.424006865,0.429054566,94972,14508,39622,168,170
11,VEGFAg1 OT6,03.20.18,NP_180320_V1_GFP_2_VEGFg1_OT6_S757_R1_001.fastqwtf-difflib_indels.csv,VEGFAg1_GFP_2, + + -,0.474584366,0.486523595,77904,13969,33503,159,163
11,VEGFAg1 OT6,03.20.18,NP_180320_V1_GFP_3_VEGFg1_OT6_S758_R1_001.fastqwtf-difflib_indels.csv,VEGFAg1_GFP_3, + + -,0.60871315,0.616259181,93847,17351,39756,242,245
11,VEGFAg1 OT6,03.20.18,NP_180320_V1_d6_1_VEGFg1_OT6_S759_R1_001.fastqwtf-difflib_indels.csv,VEGFAg1_OT6d4_1, + + 4,0.01963942,0.023567304,122528,24300,50918,10,12
11,VEGFAg1 OT6,03.20.18,NP_180320_V1_d6_2_VEGFg1_OT6_S760_R1_001.fastqwtf-difflib_indels.csv,VEGFAg1_OT6d4_2, + + 4,0.061102907,0.066194816,104141,22166,39278,24,26
11,VEGFAg1 OT6,03.20.18,NP_180320_V1_d6_3_VEGFg1_OT6_S761_R1_001.fastqwtf-difflib_indels.csv,VEGFAg1_OT6d4_3, + + 4,0.053988684,0.060467326,123976,23011,46306,25,28
11,VEGFAg1 OT6,03.20.18,NP_180320_V1_dnon_1_VEGFg1_OT6_S762_R1_001.fastqwtf-difflib_indels.csv,VEGFAg1_dNT_1, + + dNT,1.113333684,1.126493657,89836,20144,37994,423,428
11,VEGFAg1 OT6,03.20.18,NP_180320_V1_dnon_2_VEGFg1_OT6_S763_R1_001.fastqwtf-difflib_indels.csv,VEGFAg1_dNT_2, + + dNT,1.248839574,1.253260245,117191,18039,45242,565,567
11,VEGFAg1 OT6,03.20.18,NP_180320_V1_dnon_3_VEGFg1_OT6_S764_R1_001.fastqwtf-difflib_indels.csv,VEGFAg1_dNT_3, + + dNT,1.294823349,1.315963322,98729,17650,37843,490,498
11,VEGFAg1 OT6,03.20.18,NP_180320_NT_1_VEGFg1_OT6_S765_R1_001.fastqwtf-difflib_indels.csv,NT_1, - - -,0.002266238,0.00906495,116916,18097,44126,1,4
11,VEGFAg1 OT6,03.20.18,NP_180320_NT_2_VEGFg1_OT6_S766_R1_001.fastqwtf-difflib_indels.csv,NT_2, - - -,0.006286936,0.006286936,81716,14344,31812,2,2
11,VEGFAg1 OT6,03.20.18,NP_180320_NT_3_VEGFg1_OT6_S767_R1_001.fastqwtf-difflib_indels.csv,NT_3, - - -,0,0.004427521,61500,11301,22586,0,1
12,VEGFAg1 ON,03.20.18,NP_180320_V1_GFP_1_VEGFg1_ON_S871_R1_001.fastqwtf-difflib_indels.csv,VEGFAg1_GFP_1, + + -,13.26116373,13.28049488,112119,1558,5173,686,687
12,VEGFAg1 ON,03.20.18,NP_180320_V1_GFP_2_VEGFg1_ON_S727_R1_001.fastqwtf-difflib_indels.csv,VEGFAg1_GFP_2, + + -,10.20968058,10.2292769,103887,2343,5103,521,522
12,VEGFAg1 ON,03.20.18,NP_180320_V1_GFP_3_VEGFg1_ON_S728_R1_001.fastqwtf-difflib_indels.csv,VEGFAg1_GFP_3, + + -,5.43100116,5.43100116,87394,2195,5174,281,281
12,VEGFAg1 ON,03.20.18,NP_180320_V1_d11_1_VEGFg1_ON_S735_R1_001.fastqwtf-difflib_indels.csv,VEGFAg1_OT11d7_1, + + 7,7.140420694,7.140420694,146046,3109,8795,628,628
12,VEGFAg1 ON,03.20.18,NP_180320_V1_d11_2_VEGFg1_ON_S736_R1_001.fastqwtf-difflib_indels.csv,VEGFAg1_OT11d7_2, + + 7,4.146442934,4.146442934,107597,2379,7211,299,299
12,VEGFAg1 ON,03.20.18,NP_180320_V1_d11_3_VEGFg1_ON_S737_R1_001.fastqwtf-difflib_indels.csv,VEGFAg1_OT11d7_3, + + 7,3.979725925,3.998498217,73967,1967,5327,212,213
12,VEGFAg1 ON,03.20.18,NP_180320_V1_dnon_1_VEGFg1_ON_S738_R1_001.fastqwtf-difflib_indels.csv,VEGFAg1_dNT_1, + + dNT,5.082095387,5.082095387,62032,1429,3837,195,195
12,VEGFAg1 ON,03.20.18,NP_180320_V1_dnon_2_VEGFg1_ON_S739_R1_001.fastqwtf-difflib_indels.csv,VEGFAg1_dNT_2, + + dNT,7.024793388,7.041322314,93597,2182,6050,425,426
12,VEGFAg1 ON,03.20.18,NP_180320_V1_dnon_3_VEGFg1_ON_S740_R1_001.fastqwtf-difflib_indels.csv,VEGFAg1_dNT_3, + + dNT,11.51854154,11.60140874,83091,1761,4827,556,560
12,VEGFAg1 ON,03.20.18,NP_180320_NT_1_VEGFg1_ON_S741_R1_001.fastqwtf-difflib_indels.csv,NT_1, - - -,0,0,93519,1881,5524,0,0
12,VEGFAg1 ON,03.20.18,NP_180320_NT_2_VEGFg1_ON_S742_R1_001.fastqwtf-difflib_indels.csv,NT_2, - - -,0,0.022665458,141146,2854,8824,0,2
12,VEGFAg1 ON,03.20.18,NP_180320_NT_3_VEGFg1_ON_S743_R1_001.fastqwtf-difflib_indels.csv,NT_3, - - -,0,0,125437,2096,4887,0,0
12,VEGFAg1 OT11,03.20.18,NP_180320_V1_GFP_1_VEGFg1_OT11_S768_R1_001.fastqwtf-difflib_indels.csv,VEGFAg1_GFP_1, + + -,2.082182925,2.083529745,136941,4806,74249,1546,1547
12,VEGFAg1 OT11,03.20.18,NP_180320_V1_GFP_2_VEGFg1_OT11_S769_R1_001.fastqwtf-difflib_indels.csv,VEGFAg1_GFP_2, + + -,1.912921765,1.918223655,151648,7032,94306,1804,1809
12,VEGFAg1 OT11,03.20.18,NP_180320_V1_GFP_3_VEGFg1_OT11_S770_R1_001.fastqwtf-difflib_indels.csv,VEGFAg1_GFP_3, + + -,1.966246518,1.97374174,139874,6153,80051,1574,1580
12,VEGFAg1 OT11,03.20.18,NP_180320_V1_d11_1_VEGFg1_OT11_S771_R1_001.fastqwtf-difflib_indels.csv,VEGFAg1_OT11d7_1, + + 7,0.082288694,0.085494747,168117,7371,93573,77,80
12,VEGFAg1 OT11,03.20.18,NP_180320_V1_d11_2_VEGFg1_OT11_S772_R1_001.fastqwtf-difflib_indels.csv,VEGFAg1_OT11d7_2, + + 7,0.081288344,0.084355828,141876,4738,65200,53,55
12,VEGFAg1 OT11,03.20.18,NP_180320_V1_d11_3_VEGFg1_OT11_S773_R1_001.fastqwtf-difflib_indels.csv,VEGFAg1_OT11d7_3, + + 7,0.043722821,0.046086217,151923,6424,84624,37,39
12,VEGFAg1 OT11,03.20.18,NP_180320_V1_dnon_1_VEGFg1_OT11_S774_R1_001.fastqwtf-difflib_indels.csv,VEGFAg1_dNT_1, + + dNT,3.827877192,3.83505895,149665,6938,83545,3198,3204
12,VEGFAg1 OT11,03.20.18,NP_180320_V1_dnon_2_VEGFg1_OT11_S775_R1_001.fastqwtf-difflib_indels.csv,VEGFAg1_dNT_2, + + dNT,3.605939194,3.612672974,104413,4759,59402,2142,2146
12,VEGFAg1 OT11,03.20.18,NP_180320_V1_dnon_3_VEGFg1_OT11_S776_R1_001.fastqwtf-difflib_indels.csv,VEGFAg1_dNT_3, + + dNT,4.502340223,4.510624197,48517,2924,24143,1087,1089
12,VEGFAg1 OT11,03.20.18,NP_180320_NT_1_VEGFg1_OT11_S777_R1_001.fastqwtf-difflib_indels.csv,NT_1, - - -,0,0.012115338,15431,912,8254,0,1
12,VEGFAg1 OT11,03.20.18,NP_180320_NT_2_VEGFg1_OT11_S778_R1_001.fastqwtf-difflib_indels.csv,NT_2, - - -,0.001044277,0.002088555,175948,7801,95760,1,2
12,VEGFAg1 OT11,03.20.18,NP_180320_NT_3_VEGFg1_OT11_S779_R1_001.fastqwtf-difflib_indels.csv,NT_3, - - -,0,0.002770467,64497,3148,36095,0,1
13,HBB R03 ON,03.20.18,NP_180320_R03_GFP_1_HBB_ON_S849_R1_001.fastqwtf-difflib_indels.csv,HBB_R03_GFP_1, + + -,11.5227966,11.5285679,110627,11026,121290,13976,13983
13,HBB R03 ON,03.20.18,NP_180320_R03_GFP_2_HBB_ON_S850_R1_001.fastqwtf-difflib_indels.csv,HBB_R03_GFP_2, + + -,16.3399459,16.37511271,94158,10337,110900,18121,18160
13,HBB R03 ON,03.20.18,NP_180320_R03_GFP_3_HBB_ON_S851_R1_001.fastqwtf-difflib_indels.csv,HBB_R03_GFP_3, + + -,16.79024046,16.80882298,110722,11530,107628,18071,18091
13,HBB R03 ON,03.20.18,NP_180320_R03_d4_1_1_1_HBB_ON_S852_R1_001.fastqwtf-difflib_indels.csv,HBB_R03_OTd4_1, + + 4,15.05622522,15.06922527,126177,12791,138461,20847,20865
13,HBB R03 ON,03.20.18,NP_180320_R03_d4_1_1_2_HBB_ON_S853_R1_001.fastqwtf-difflib_indels.csv,HBB_R03_OTd4_2, + + 4,17.81278701,17.81609671,108759,11433,120857,21528,21532
13,HBB R03 ON,03.20.18,NP_180320_R03_d4_1_1_3_HBB_ON_S854_R1_001.fastqwtf-difflib_indels.csv,HBB_R03_OTd4_3, + + 4,12.83084532,12.83924047,109530,11916,131028,16812,16823
13,HBB R03 ON,03.20.18,NP_180320_R03_d4_only_1_HBB_ON_S867_R1_001.fastqwtf-difflib_indels.csv,HBB_R03_dNT_1, + + dNT,15.87706646,15.88474767,107090,10991,117169,18603,18612
13,HBB R03 ON,03.20.18,NP_180320_R03_d4_only_2_HBB_ON_S868_R1_001.fastqwtf-difflib_indels.csv,HBB_R03_dNT_2, + + dNT,18.901152,18.94946978,76208,6938,78646,14865,14903
13,HBB R03 ON,03.20.18,NP_180320_R03_d4_only_3_HBB_ON_S869_R1_001.fastqwtf-difflib_indels.csv,HBB_R03_dNT_3, + + dNT,15.81028026,15.81209368,100467,11387,110289,17437,17439
13,HBB R03 ON,03.20.18,NP_180320_NT_1_HBB_ON_S846_R1_001.fastqwtf-difflib_indels.csv,NT_1, - - -,0.060708775,0.061973541,130608,12351,158132,96,98
13,HBB R03 ON,03.20.18,NP_180320_NT_2_HBB_ON_S847_R1_001.fastqwtf-difflib_indels.csv,NT_2, - - -,0.078770677,0.080021006,136334,13149,159958,126,128
13,HBB R03 ON,03.20.18,NP_180320_NT_3_HBB_ON_S848_R1_001.fastqwtf-difflib_indels.csv,NT_3, - - -,0.076235405,0.076886989,135669,13422,153472,117,118
13,HBB R03 OT-HBD,03.20.18,NP_180320_R03_GFP_1_HBD_OT_S873_R1_001.fastqwtf-difflib_indels.csv,HBB_R03_GFP_1, + + -,3.440661635,3.444676409,39931,4851,24908,857,858
13,HBB R03 OT-HBD,03.20.18,NP_180320_R03_GFP_2_HBD_OT_S874_R1_001.fastqwtf-difflib_indels.csv,HBB_R03_GFP_2, + + -,4.554977519,4.564393494,62437,5655,42481,1935,1939
13,HBB R03 OT-HBD,03.20.18,NP_180320_R03_GFP_3_HBD_OT_S875_R1_001.fastqwtf-difflib_indels.csv,HBB_R03_GFP_3, + + -,4.697750703,4.756326148,73127,5573,51216,2406,2436
13,HBB R03 OT-HBD,03.20.18,NP_180320_R03_d4_1_1_1_HBD_OT_S876_R1_001.fastqwtf-difflib_indels.csv,HBB_R03_OTd4_1, + + 4,0.990143774,1.001446785,63362,5193,44236,438,443
13,HBB R03 OT-HBD,03.20.18,NP_180320_R03_d4_1_1_2_HBD_OT_S877_R1_001.fastqwtf-difflib_indels.csv,HBB_R03_OTd4_2, + + 4,1.392899609,1.4013929,57438,4408,35322,492,495
13,HBB R03 OT-HBD,03.20.18,NP_180320_R03_d4_1_1_3_HBD_OT_S878_R1_001.fastqwtf-difflib_indels.csv,HBB_R03_OTd4_3, + + 4,0.816852966,0.828795261,59696,6829,41868,342,347
13,HBB R03 OT-HBD,03.20.18,NP_180320_R03_d4_only_1_HBD_OT_S891_R1_001.fastqwtf-difflib_indels.csv,HBB_R03_dNT_1, + + dNT,4.468316096,4.496885892,53698,4676,35002,1564,1574
13,HBB R03 OT-HBD,03.20.18,NP_180320_R03_d4_only_2_HBD_OT_S892_R1_001.fastqwtf-difflib_indels.csv,HBB_R03_dNT_2, + + dNT,5.885717554,5.914316765,49896,6563,34966,2058,2068
13,HBB R03 OT-HBD,03.20.18,NP_180320_R03_d4_only_3_HBD_OT_S893_R1_001.fastqwtf-difflib_indels.csv,HBB_R03_dNT_3, + + dNT,4.413830607,4.445552182,64107,5712,44134,1948,1962
13,HBB R03 OT-HBD,03.20.18,NP_180320_NT_1_HBD_OT_S870_R1_001.fastqwtf-difflib_indels.csv,NT_1, - - -,0.069600955,0.083963056,123593,7397,90516,63,76
13,HBB R03 OT-HBD,03.20.18,NP_180320_NT_2_HBD_OT_S871_R1_001.fastqwtf-difflib_indels.csv,NT_2, - - -,0.10289107,0.111324765,83761,5487,59286,61,66
13,HBB R03 OT-HBD,03.20.18,NP_180320_NT_3_HBD_OT_S872_R1_001.fastqwtf-difflib_indels.csv,NT_3, - - -,0.059311981,0.079700474,78190,5646,53952,32,43